"Run 1: Time (min)","Run 1: Temperature (°F)","Run 1: Temperature (°F)"
0.00,73.9,74.1
0.02,73.9,73.9
0.03,73.9,73.9
0.05,73.9,73.9
0.07,73.9,73.9
0.08,73.9,73.9
0.10,73.9,73.9
0.12,73.9,73.9
0.13,73.9,73.9
0.15,73.9,73.9
0.17,73.9,73.9
0.18,73.9,73.9
0.20,73.9,73.9
0.22,73.9,74.0
0.23,73.9,73.9
0.25,73.9,73.9
0.27,73.9,73.9
0.28,73.9,74.0
0.30,73.9,73.9
0.32,73.9,73.9
0.33,73.9,73.9
0.35,73.9,73.9
0.37,73.9,73.9
0.38,73.9,73.9
0.40,73.9,73.9
0.42,73.9,73.9
0.43,73.9,73.9
0.45,73.9,73.9
0.47,73.9,73.9
0.48,73.9,73.9
0.50,73.9,73.9
0.52,73.9,73.9
0.53,73.9,73.9
0.55,73.9,73.9
0.57,73.9,73.9
0.58,73.9,73.9
0.60,73.9,73.9
0.62,73.9,73.9
0.63,73.9,73.9
0.65,73.9,73.9
0.67,73.9,73.9
0.68,73.9,73.9
0.70,73.9,73.9
0.72,73.9,73.9
0.73,73.9,73.9
0.75,73.9,73.9
0.77,73.9,73.9
0.78,73.9,73.9
0.80,73.9,73.9
0.82,73.9,73.9
0.83,73.9,73.9
0.85,73.9,73.9
0.87,73.9,73.9
0.88,73.9,73.9
0.90,73.9,73.9
0.92,73.9,73.9
0.93,73.9,73.9
0.95,73.9,73.9
0.97,73.9,73.9
0.98,73.9,73.9
1.00,73.9,73.9
1.02,73.9,73.9
1.03,73.9,73.9
1.05,73.9,73.9
1.07,73.9,73.9
1.08,73.9,73.9
1.10,73.9,73.9
1.12,73.9,73.9
1.13,73.9,73.9
1.15,73.9,73.9
1.17,73.9,73.9
1.18,73.9,73.9
1.20,73.9,73.9
1.22,73.9,73.9
1.23,73.9,73.9
1.25,73.9,73.9
1.27,73.9,73.9
1.28,73.9,73.9
1.30,73.9,73.9
1.32,73.9,73.9
1.33,73.9,73.9
1.35,73.9,73.9
1.37,73.9,73.9
1.38,73.9,73.9
1.40,73.9,73.9
1.42,73.9,73.9
1.43,73.9,73.9
1.45,73.9,73.9
1.47,73.9,73.9
1.48,73.9,73.9
1.50,73.9,73.9
1.52,73.9,73.9
1.53,73.9,73.9
1.55,73.9,73.9
1.57,73.9,73.9
1.58,73.9,73.9
1.60,73.9,73.9
1.62,73.9,73.9
1.63,73.9,73.9
1.65,73.9,73.9
1.67,73.9,73.9
1.68,73.9,73.9
1.70,73.9,73.9
1.72,73.9,73.9
1.73,73.9,73.9
1.75,73.9,73.9
1.77,73.9,73.9
1.78,73.9,73.9
1.80,73.9,73.9
1.82,73.9,73.9
1.83,73.9,73.9
1.85,73.9,73.9
1.87,73.9,73.9
1.88,73.9,73.9
1.90,73.9,73.9
1.92,73.9,73.9
1.93,73.9,73.9
1.95,73.9,73.9
1.97,73.9,73.9
1.98,73.9,73.9
2.00,73.9,73.9
2.02,73.9,73.9
2.03,73.9,73.9
2.05,73.9,73.9
2.07,73.9,73.9
2.08,73.9,73.9
2.10,73.9,73.9
2.12,73.9,73.9
2.13,73.9,73.9
2.15,73.9,73.9
2.17,73.9,73.9
2.18,73.9,73.9
2.20,73.9,73.9
2.22,73.9,73.9
2.23,73.9,73.9
2.25,73.9,73.9
2.27,73.9,73.9
2.28,73.8,73.9
2.30,73.8,73.9
2.32,73.8,73.9
2.33,73.8,73.9
2.35,73.8,73.9
2.37,73.8,73.9
2.38,73.8,73.9
2.40,73.8,73.9
2.42,73.8,73.9
2.43,73.9,73.9
2.45,73.8,73.9
2.47,73.8,73.9
2.48,73.8,73.9
2.50,73.8,73.9
2.52,73.8,73.9
2.53,73.8,73.9
2.55,73.8,73.9
2.57,73.8,73.9
2.58,73.8,73.9
2.60,73.8,73.9
2.62,73.8,73.9
2.63,73.8,73.9
2.65,73.8,73.9
2.67,73.8,73.9
2.68,73.9,73.9
2.70,73.9,73.9
2.72,73.9,73.9
2.73,73.9,73.9
2.75,73.9,74.0
2.77,73.9,74.1
2.78,73.9,74.0
2.80,73.9,74.0
2.82,73.9,74.1
2.83,73.9,74.0
2.85,73.9,74.0
2.87,73.9,74.0
2.88,73.9,74.1
2.90,73.9,74.0
2.92,73.9,74.1
2.93,73.9,74.1
2.95,74.0,74.2
2.97,73.9,74.2
2.98,73.9,74.2
3.00,73.9,74.2
3.02,73.9,74.2
3.03,74.0,74.3
3.05,74.0,74.3
3.07,73.9,74.3
3.08,74.0,74.2
3.10,74.0,74.3
3.12,74.1,74.4
3.13,74.2,74.5
3.15,74.3,74.6
3.17,74.4,74.7
3.18,74.5,74.8
3.20,74.6,75.0
3.22,74.7,75.1
3.23,74.9,75.2
3.25,75.0,75.3
3.27,75.1,75.4
3.28,75.2,75.6
3.30,75.3,75.7
3.32,75.4,75.7
3.33,75.4,75.8
3.35,75.6,75.9
3.37,75.6,75.9
3.38,75.7,76.1
3.40,75.8,76.1
3.42,75.9,76.2
3.43,76.0,76.2
3.45,76.0,76.3
3.47,76.1,76.4
3.48,76.1,76.4
3.50,76.2,76.5
3.52,76.2,76.5
3.53,76.3,76.6
3.55,76.3,76.7
3.57,76.4,76.8
3.58,76.5,76.8
3.60,76.5,76.8
3.62,76.5,76.9
3.63,76.6,76.9
3.65,76.6,77.0
3.67,76.6,77.0
3.68,76.7,77.0
3.70,76.8,77.1
3.72,76.8,77.1
3.73,76.8,77.1
3.75,76.8,77.1
3.77,76.9,77.2
3.78,76.9,77.3
3.80,77.0,77.3
3.82,77.0,77.3
3.83,77.0,77.3
3.85,77.1,77.4
3.87,77.1,77.4
3.88,77.1,77.4
3.90,77.1,77.5
3.92,77.2,77.5
3.93,77.2,77.6
3.95,77.3,77.6
3.97,77.3,77.6
3.98,77.4,77.7
4.00,77.5,77.8
4.02,77.5,77.8
4.03,77.6,77.8
4.05,77.6,77.8
4.07,77.6,77.9
4.08,77.7,78.0
4.10,77.7,78.0
4.12,77.7,78.0
4.13,77.8,78.0
4.15,77.8,78.1
4.17,77.8,78.1
4.18,77.8,78.2
4.20,77.9,78.2
4.22,78.0,78.3
4.23,78.0,78.3
4.25,78.0,78.3
4.27,78.0,78.3
4.28,78.0,78.3
4.30,78.1,78.4
4.32,78.1,78.4
4.33,78.1,78.5
4.35,78.2,78.5
4.37,78.2,78.5
4.38,78.2,78.5
4.40,78.3,78.6
4.42,78.3,78.6
4.43,78.3,78.6
4.45,78.3,78.6
4.47,78.3,78.6
4.48,78.3,78.6
4.50,78.3,78.7
4.52,78.4,78.7
4.53,78.4,78.7
4.55,78.4,78.8
4.57,78.5,78.8
4.58,78.5,78.8
4.60,78.5,78.8
4.62,78.5,78.9
4.63,78.6,78.9
4.65,78.6,78.9
4.67,78.6,78.9
4.68,78.6,78.9
4.70,78.6,79.0
4.72,78.6,79.0
4.73,78.6,79.0
4.75,78.7,79.0
4.77,78.7,79.1
4.78,78.7,79.1
4.80,78.7,79.1
4.82,78.8,79.2
4.83,78.8,79.2
4.85,78.8,79.2
4.87,78.8,79.2
4.88,78.8,79.2
4.90,78.8,79.2
4.92,78.9,79.2
4.93,78.9,79.3
4.95,78.9,79.3
4.97,78.9,79.3
4.98,78.9,79.3
5.00,79.0,79.3
5.02,79.0,79.3
5.03,79.0,79.3
5.05,79.0,79.3
5.07,79.0,79.4
5.08,79.0,79.4
5.10,79.1,79.4
5.12,79.1,79.4
5.13,79.1,79.5
5.15,79.1,79.5
5.17,79.1,79.5
5.18,79.1,79.5
5.20,79.1,79.5
5.22,79.2,79.5
5.23,79.2,79.5
5.25,79.2,79.6
5.27,79.2,79.6
5.28,79.2,79.6
5.30,79.2,79.7
5.32,79.2,79.7
5.33,79.3,79.7
5.35,79.3,79.7
5.37,79.3,79.7
5.38,79.3,79.7
5.40,79.3,79.8
5.42,79.4,79.8
5.43,79.4,79.8
5.45,79.4,79.8
5.47,79.4,79.8
5.48,79.4,79.8
5.50,79.4,79.8
5.52,79.5,79.8
5.53,79.4,79.8
5.55,79.5,79.9
5.57,79.5,79.9
5.58,79.5,79.9
5.60,79.5,79.9
5.62,79.5,79.9
5.63,79.5,80.0
5.65,79.5,80.0
5.67,79.5,80.0
5.68,79.5,80.0
5.70,79.6,80.0
5.72,79.6,80.0
5.73,79.6,80.1
5.75,79.6,80.1
5.77,79.6,80.1
5.78,79.6,80.1
5.80,79.7,80.1
5.82,79.7,80.1
5.83,79.7,80.1
5.85,79.7,80.1
5.87,79.7,80.1
5.88,79.7,80.1
5.90,79.7,80.1
5.92,79.7,80.1
5.93,79.7,80.1
5.95,79.7,80.2
5.97,79.8,80.2
5.98,79.8,80.2
6.00,79.8,80.1
6.02,79.8,80.2
6.03,79.8,80.2
6.05,79.8,80.2
6.07,79.8,80.2
6.08,79.8,80.2
6.10,79.8,80.2
6.12,79.8,80.2
6.13,79.9,80.2
6.15,79.9,80.2
6.17,79.9,80.2
6.18,79.9,80.3
6.20,79.9,80.3
6.22,79.9,80.3
6.23,79.9,80.3
6.25,79.9,80.3
6.27,79.9,80.3
6.28,80.0,80.3
6.30,79.9,80.3
6.32,80.0,80.3
6.33,80.0,80.3
6.35,80.0,80.3
6.37,80.0,80.3
6.38,80.0,80.3
6.40,80.0,80.3
6.42,80.0,80.4
6.43,80.0,80.4
6.45,80.0,80.3
6.47,80.0,80.4
6.48,80.0,80.4
6.50,80.1,80.4
6.52,80.1,80.4
6.53,80.1,80.4
6.55,80.1,80.4
6.57,80.1,80.4
6.58,80.1,80.4
6.60,80.1,80.4
6.62,80.1,80.5
6.63,80.1,80.5
6.65,80.1,80.5
6.67,80.1,80.5
6.68,80.1,80.5
6.70,80.2,80.5
6.72,80.1,80.5
6.73,80.2,80.5
6.75,80.2,80.5
6.77,80.2,80.5
6.78,80.2,80.5
6.80,80.2,80.5
6.82,80.2,80.5
6.83,80.2,80.6
6.85,80.2,80.6
6.87,80.2,80.6
6.88,80.2,80.6
6.90,80.2,80.6
6.92,80.2,80.6
6.93,80.3,80.6
6.95,80.3,80.6
6.97,80.3,80.6
6.98,80.3,80.6
7.00,80.3,80.6
7.02,80.3,80.7
7.03,80.3,80.7
7.05,80.3,80.7
7.07,80.3,80.7
7.08,80.4,80.7
7.10,80.3,80.7
7.12,80.3,80.7
7.13,80.3,80.7
7.15,80.3,80.7
7.17,80.4,80.7
7.18,80.4,80.7
7.20,80.4,80.7
7.22,80.4,80.7
7.23,80.4,80.7
7.25,80.4,80.7
7.27,80.4,80.7
7.28,80.4,80.7
7.30,80.4,80.7
7.32,80.4,80.7
7.33,80.4,80.7
7.35,80.4,80.7
7.37,80.4,80.7
7.38,80.4,80.8
7.40,80.4,80.8
7.42,80.4,80.8
7.43,80.5,80.8
7.45,80.5,80.8
7.47,80.4,80.8
7.48,80.5,80.9
7.50,80.5,80.9
7.52,80.5,80.9
7.53,80.5,80.9
7.55,80.6,80.9
7.57,80.6,80.9
7.58,80.6,80.9
7.60,80.6,80.9
7.62,80.6,80.9
7.63,80.6,81.0
7.65,80.6,80.9
7.67,80.7,81.0
7.68,80.7,81.0
7.70,80.7,81.0
7.72,80.7,81.0
7.73,80.7,81.0
7.75,80.7,81.0
7.77,80.7,81.0
7.78,80.7,81.1
7.80,80.7,81.1
7.82,80.7,81.1
7.83,80.7,81.1
7.85,80.7,81.1
7.87,80.7,81.1
7.88,80.7,81.1
7.90,80.7,81.1
7.92,80.7,81.1
7.93,80.7,81.1
7.95,80.7,81.2
7.97,80.7,81.1
7.98,80.7,81.1
8.00,80.7,81.2
8.02,80.7,81.2
8.03,80.8,81.2
8.05,80.8,81.2
8.07,80.8,81.2
8.08,80.8,81.2
8.10,80.8,81.2
8.12,80.8,81.2
8.13,80.8,81.2
8.15,80.8,81.2
8.17,80.8,81.2
8.18,80.8,81.2
8.20,80.8,81.2
8.22,80.8,81.2
8.23,80.8,81.2
8.25,80.8,81.2
8.27,80.8,81.2
8.28,80.8,81.2
8.30,80.8,81.2
8.32,80.8,81.2
8.33,80.8,81.2
8.35,80.8,81.2
8.37,80.8,81.2
8.38,80.8,81.2
8.40,80.8,81.2
8.42,80.8,81.2
8.43,80.8,81.2
8.45,80.9,81.2
8.47,80.9,81.2
8.48,80.8,81.2
8.50,80.8,81.2
8.52,80.8,81.2
8.53,80.8,81.2
8.55,80.8,81.2
8.57,80.9,81.2
8.58,80.9,81.2
8.60,80.9,81.2
8.62,80.9,81.2
8.63,80.9,81.2
8.65,80.9,81.3
8.67,80.9,81.4
8.68,80.9,81.3
8.70,80.9,81.3
8.72,80.9,81.3
8.73,80.9,81.4
8.75,81.0,81.3
8.77,81.0,81.4
8.78,80.9,81.4
8.80,80.9,81.4
8.82,81.0,81.4
8.83,81.0,81.5
8.85,81.0,81.4
8.87,81.0,81.5
8.88,81.0,81.5
8.90,81.0,81.5
8.92,81.0,81.5
8.93,81.1,81.5
8.95,81.1,81.5
8.97,81.1,81.5
8.98,81.1,81.5
9.00,81.1,81.6
9.02,81.1,81.6
9.03,81.1,81.6
9.05,81.1,81.6
9.07,81.2,81.6
9.08,81.2,81.7
9.10,81.2,81.7
9.12,81.2,81.6
9.13,81.2,81.7
9.15,81.2,81.6
9.17,81.3,81.7
9.18,81.3,81.7
9.20,81.3,81.6
9.22,81.2,81.7
9.23,81.3,81.6
9.25,81.3,81.6
9.27,81.3,81.6
9.28,81.3,81.6
9.30,81.3,81.7
9.32,81.3,81.6
9.33,81.3,81.6
9.35,81.3,81.6
9.37,81.2,81.6
9.38,81.3,81.6
9.40,81.2,81.6
9.42,81.3,81.6
9.43,81.3,81.6
9.45,81.2,81.6
9.47,81.3,81.6
9.48,81.3,81.6
9.50,81.3,81.6
9.52,81.3,81.6
9.53,81.3,81.6
9.55,81.3,81.6
9.57,81.3,81.6
9.58,81.3,81.7
9.60,81.3,81.7
9.62,81.3,81.7
9.63,81.3,81.7
9.65,81.3,81.7
9.67,81.3,81.7
9.68,81.3,81.8
9.70,81.4,81.8
9.72,81.4,81.8
9.73,81.4,81.8
9.75,81.4,81.8
9.77,81.4,81.8
9.78,81.4,81.8
9.80,81.4,81.8
9.82,81.4,81.8
9.83,81.4,81.8
9.85,81.4,81.8
9.87,81.5,81.8
9.88,81.4,81.8
9.90,81.4,81.9
9.92,81.4,81.9
9.93,81.4,81.9
9.95,81.4,81.9
9.97,81.5,81.9
9.98,81.5,81.9
10.00,81.5,81.9
10.02,81.5,81.9
10.03,81.5,81.9
10.05,81.5,82.0
10.07,81.5,81.9
10.08,81.5,82.0
10.10,81.6,82.0
10.12,81.6,82.1
10.13,81.6,82.0
10.15,81.6,82.1
10.17,81.6,82.1
10.18,81.6,82.1
10.20,81.6,82.1
10.22,81.6,82.1
10.23,81.6,82.1
10.25,81.6,82.1
10.27,81.6,82.1
10.28,81.6,82.1
10.30,81.6,82.1
10.32,81.6,82.1
10.33,81.6,82.1
10.35,81.6,82.1
10.37,81.6,82.1
10.38,81.7,82.1
10.40,81.7,82.1
10.42,81.7,82.1
10.43,81.7,82.2
10.45,81.7,82.2
10.47,81.7,82.2
10.48,81.7,82.2
10.50,81.7,82.2
10.52,81.7,82.2
10.53,81.7,82.2
10.55,81.7,82.2
10.57,81.7,82.2
10.58,81.7,82.2
10.60,81.7,82.3
10.62,81.7,82.2
10.63,81.8,82.3
10.65,81.8,82.2
10.67,81.8,82.3
10.68,81.8,82.3
10.70,81.8,82.2
10.72,81.8,82.3
10.73,81.8,82.3
10.75,81.8,82.3
10.77,81.8,82.3
10.78,81.8,82.3
10.80,81.8,82.3
10.82,81.8,82.3
10.83,81.8,82.3
10.85,81.9,82.3
10.87,81.9,82.3
10.88,81.8,82.3
10.90,81.9,82.3
10.92,81.9,82.3
10.93,81.9,82.3
10.95,81.9,82.3
10.97,81.9,82.3
10.98,81.9,82.3
11.00,81.9,82.3
11.02,81.9,82.3
11.03,81.9,82.3
11.05,81.9,82.3
11.07,81.9,82.4
11.08,81.9,82.4
11.10,81.9,82.4
11.12,81.9,82.4
11.13,81.9,82.4
11.15,81.9,82.4
11.17,81.9,82.4
11.18,81.9,82.4
11.20,81.9,82.4
11.22,81.9,82.4
11.23,81.9,82.4
11.25,82.0,82.4
11.27,81.9,82.4
11.28,81.9,82.4
11.30,81.9,82.4
11.32,81.9,82.4
11.33,81.9,82.4
11.35,81.9,82.4
11.37,81.9,82.4
11.38,81.9,82.4
11.40,81.9,82.4
11.42,81.9,82.4
11.43,81.9,82.4
11.45,81.9,82.4
11.47,81.9,82.4
11.48,81.9,82.4
11.50,81.9,82.4
11.52,81.9,82.4
11.53,81.9,82.4
11.55,81.9,82.4
11.57,81.9,82.4
11.58,81.9,82.4
11.60,81.9,82.4
11.62,81.9,82.4
11.63,81.9,82.4
11.65,81.9,82.4
11.67,81.9,82.4
11.68,81.9,82.4
11.70,81.9,82.4
11.72,81.9,82.4
11.73,81.9,82.4
11.75,81.9,82.4
11.77,81.9,82.4
11.78,81.9,82.4
11.80,81.9,82.4
11.82,81.9,82.4
11.83,81.9,82.4
11.85,81.9,82.4
11.87,81.9,82.4
11.88,81.9,82.4
11.90,81.9,82.4
11.92,81.9,82.4
11.93,81.9,82.4
11.95,81.9,82.4
11.97,81.9,82.4
11.98,81.9,82.4
12.00,81.9,82.4
12.02,81.9,82.4
12.03,81.9,82.4
12.05,81.9,82.4
12.07,81.9,82.4
12.08,81.9,82.4
12.10,81.9,82.5
12.12,81.9,82.5
12.13,81.9,82.5
12.15,81.9,82.5
12.17,82.0,82.5
12.18,82.0,82.5
12.20,82.0,82.6
12.22,82.0,82.6
12.23,82.1,82.6
12.25,82.1,82.6
12.27,82.1,82.6
12.28,82.1,82.6
12.30,82.1,82.6
12.32,82.1,82.6
12.33,82.1,82.6
12.35,82.1,82.6
12.37,82.1,82.6
12.38,82.1,82.6
12.40,82.1,82.7
12.42,82.1,82.6
12.43,82.1,82.7
12.45,82.2,82.7
12.47,82.1,82.7
12.48,82.1,82.7
12.50,82.1,82.7
12.52,82.2,82.7
12.53,82.2,82.7
12.55,82.2,82.7
12.57,82.2,82.7
12.58,82.2,82.7
12.60,82.2,82.7
12.62,82.2,82.7
12.63,82.2,82.7
12.65,82.2,82.7
12.67,82.2,82.7
12.68,82.2,82.7
12.70,82.2,82.7
12.72,82.2,82.7
12.73,82.2,82.7
12.75,82.2,82.7
12.77,82.2,82.7
12.78,82.2,82.7
12.80,82.2,82.7
12.82,82.2,82.7
12.83,82.2,82.7
12.85,82.2,82.7
12.87,82.2,82.7
12.88,82.2,82.7
12.90,82.2,82.7
12.92,82.2,82.7
12.93,82.2,82.7
12.95,82.2,82.7
12.97,82.2,82.7
12.98,82.2,82.7
13.00,82.2,82.7
13.02,82.2,82.7
13.03,82.2,82.7
13.05,82.2,82.7
13.07,82.2,82.7
13.08,82.2,82.7
13.10,82.3,82.7
13.12,82.3,82.7
13.13,82.3,82.7
13.15,82.3,82.7
13.17,82.3,82.7
13.18,82.3,82.7
13.20,82.3,82.7
13.22,82.3,82.7
13.23,82.3,82.7
13.25,82.3,82.7
13.27,82.3,82.7
13.28,82.3,82.7
13.30,82.3,82.7
13.32,82.3,82.7
13.33,82.3,82.7
13.35,82.3,82.7
13.37,82.3,82.7
13.38,82.3,82.7
13.40,82.3,82.7
13.42,82.3,82.7
13.43,82.3,82.7
13.45,82.3,82.7
13.47,82.3,82.7
13.48,82.3,82.7
13.50,82.3,82.7
13.52,82.3,82.7
13.53,82.3,82.7
13.55,82.3,82.7
13.57,82.3,82.7
13.58,82.3,82.7
13.60,82.3,82.7
13.62,82.3,82.7
13.63,82.3,82.7
13.65,82.3,82.7
13.67,82.3,82.7
13.68,82.3,82.7
13.70,82.3,82.7
13.72,82.2,82.7
13.73,82.2,82.7
13.75,82.2,82.7
13.77,82.2,82.7
13.78,82.2,82.7
13.80,82.2,82.7
13.82,82.2,82.7
13.83,82.2,82.7
13.85,82.2,82.7
13.87,82.2,82.7
13.88,82.2,82.7
13.90,82.3,82.7
13.92,82.3,82.7
13.93,82.3,82.7
13.95,82.3,82.7
13.97,82.3,82.7
13.98,82.3,82.7
14.00,82.3,82.7
14.02,82.3,82.7
14.03,82.3,82.7
14.05,82.3,82.7
14.07,82.3,82.7
14.08,82.3,82.7
14.10,82.3,82.7
14.12,82.3,82.7
14.13,82.3,82.7
14.15,82.3,82.7
14.17,82.3,82.7
14.18,82.3,82.7
14.20,82.3,82.7
14.22,82.4,82.7
14.23,82.3,82.7
14.25,82.4,82.7
14.27,82.4,82.7
14.28,82.4,82.7
14.30,82.4,82.7
14.32,82.4,82.7
14.33,82.4,82.7
14.35,82.4,82.7
14.37,82.4,82.7
14.38,82.4,82.7
14.40,82.4,82.7
14.42,82.3,82.7
14.43,82.4,82.7
14.45,82.4,82.7
14.47,82.4,82.7
14.48,82.3,82.7
14.50,82.4,82.7
14.52,82.4,82.7
14.53,82.4,82.7
14.55,82.3,82.7
14.57,82.4,82.7
14.58,82.3,82.7
14.60,82.3,82.7
14.62,82.4,82.7
14.63,82.4,82.7
14.65,82.4,82.7
14.67,82.3,82.7
14.68,82.4,82.7
14.70,82.3,82.7
14.72,82.3,82.7
14.73,82.3,82.7
14.75,82.3,82.7
14.77,82.3,82.7
14.78,82.3,82.7
14.80,82.3,82.7
14.82,82.3,82.7
14.83,82.3,82.7
14.85,82.3,82.7
14.87,82.3,82.7
14.88,82.3,82.7
14.90,82.3,82.7
14.92,82.3,82.7
14.93,82.3,82.7
14.95,82.3,82.7
14.97,82.4,82.7
14.98,82.4,82.8
15.00,82.4,82.8
15.02,82.4,82.8
15.03,82.4,82.8
15.05,82.4,82.8
15.07,82.4,82.8
15.08,82.4,82.8
15.10,82.5,82.8
15.12,82.5,82.8
15.13,82.5,82.8
15.15,82.5,82.8
15.17,82.5,82.8
15.18,82.5,82.8
15.20,82.5,82.9
15.22,82.5,82.9
15.23,82.5,82.9
15.25,82.5,82.9
15.27,82.5,82.9
15.28,82.5,82.9
15.30,82.5,82.9
15.32,82.5,82.9
15.33,82.4,82.7
15.35,82.1,82.4
15.37,81.8,82.0
15.38,81.6,81.7
15.40,81.3,81.2
15.42,81.1,81.0
15.43,80.8,80.7
15.45,80.4,80.4
15.47,80.0,80.2
15.48,79.8,80.1
15.50,79.5,79.8
15.52,79.2,79.5
15.53,79.0,79.5
15.55,79.0,79.3
15.57,78.9,79.2
15.58,78.9,79.2
15.60,79.0,79.2
15.62,79.0,79.2
15.63,79.1,79.3
15.65,79.2,79.4
15.67,79.3,79.5
15.68,79.4,79.6
15.70,79.5,79.7
15.72,79.7,79.8
15.73,79.8,79.9
15.75,79.8,80.1
15.77,80.0,80.1
15.78,79.9,80.1
15.80,79.8,79.9
15.82,79.6,79.8
15.83,79.4,79.6
15.85,79.2,79.5
15.87,78.9,79.3
15.88,78.7,79.2
15.90,78.5,79.0
15.92,78.3,79.0
15.93,78.3,79.0
15.95,78.2,78.9
15.97,78.1,78.9
15.98,78.2,78.9
16.00,78.3,78.9
16.02,78.3,78.9
16.03,78.5,79.0
16.05,78.6,79.1
16.07,78.7,79.2
16.08,78.9,79.3
16.10,79.0,79.4
16.12,79.1,79.5
16.13,79.2,79.6
16.15,79.2,79.7
16.17,79.4,79.8
16.18,79.4,79.9
16.20,79.5,80.0
16.22,79.6,80.1
16.23,79.7,80.2
16.25,79.8,80.3
16.27,79.8,80.3
16.28,79.9,80.5
16.30,80.0,80.6
16.32,80.0,80.6
16.33,80.1,80.7
16.35,80.1,80.7
16.37,80.2,80.8
16.38,80.3,80.9
16.40,80.3,80.9
16.42,80.4,81.0
16.43,80.4,81.0
16.45,80.4,81.1
16.47,80.5,81.1
16.48,80.5,81.2
16.50,80.6,81.2
16.52,80.6,81.2
16.53,80.7,81.3
16.55,80.7,81.3
16.57,80.7,81.4
16.58,80.7,81.4
16.60,80.7,81.4
16.62,80.8,81.5
16.63,80.8,81.5
16.65,80.9,81.5
16.67,80.9,81.5
16.68,80.9,81.6
16.70,80.9,81.6
16.72,80.9,81.6
16.73,81.0,81.7
16.75,81.0,81.7
16.77,81.0,81.7
16.78,81.1,81.7
16.80,81.1,81.8
16.82,81.1,81.8
16.83,81.1,81.8
16.85,81.1,81.8
16.87,81.1,81.8
16.88,81.2,81.8
16.90,81.2,81.9
16.92,81.2,81.9
16.93,81.3,81.9
16.95,81.3,81.9
16.97,81.3,81.9
16.98,81.3,81.9
17.00,81.3,82.0
17.02,81.3,82.0
17.03,81.3,82.0
17.05,81.3,82.0
17.07,81.4,82.1
17.08,81.4,82.1
17.10,81.4,82.1
17.12,81.4,82.1
17.13,81.4,82.1
17.15,81.5,82.1
17.17,81.5,82.1
17.18,81.5,82.1
17.20,81.5,82.2
17.22,81.5,82.1
17.23,81.5,82.2
17.25,81.6,82.2
17.27,81.6,82.3
17.28,81.6,82.3
17.30,81.6,82.3
17.32,81.6,82.3
17.33,81.6,82.4
17.35,81.7,82.4
17.37,81.7,82.4
17.38,81.7,82.4
17.40,81.7,82.4
17.42,81.8,82.4
17.43,81.8,82.4
17.45,81.8,82.4
17.47,81.8,82.4
17.48,81.9,82.5
17.50,81.9,82.5
17.52,81.9,82.5
17.53,81.9,82.5
17.55,81.9,82.5
17.57,81.9,82.6
17.58,82.0,82.6
17.60,82.0,82.6
17.62,82.0,82.6
17.63,82.0,82.6
17.65,82.0,82.6
17.67,82.0,82.6
17.68,82.0,82.6
17.70,82.0,82.7
17.72,82.1,82.7
17.73,82.1,82.7
17.75,82.1,82.7
17.77,82.1,82.7
17.78,82.1,82.7
17.80,82.1,82.7
17.82,82.2,82.7
17.83,82.2,82.7
17.85,82.2,82.7
17.87,82.2,82.7
17.88,82.2,82.7
17.90,82.2,82.8
17.92,82.2,82.8
17.93,82.3,82.8
17.95,82.2,82.8
17.97,82.3,82.8
17.98,82.3,82.8
18.00,82.4,82.8
18.02,82.4,82.8
18.03,82.4,82.8
18.05,82.4,82.8
18.07,82.4,82.8
18.08,82.4,82.8
18.10,82.4,82.8
18.12,82.5,82.9
18.13,82.5,82.9
18.15,82.5,82.9
18.17,82.5,82.9
18.18,82.5,82.9
18.20,82.5,82.9
18.22,82.5,82.9
18.23,82.5,83.0
18.25,82.5,83.0
18.27,82.5,83.0
18.28,82.5,83.0
18.30,82.5,83.0
18.32,82.5,83.0
18.33,82.5,83.0
18.35,82.6,83.0
18.37,82.6,83.0
18.38,82.6,83.0
18.40,82.6,83.0
18.42,82.6,83.0
18.43,82.6,83.0
18.45,82.6,83.0
18.47,82.6,83.0
18.48,82.6,83.0
18.50,82.7,83.0
18.52,82.7,83.0
18.53,82.7,83.0
18.55,82.7,83.0
18.57,82.7,83.1
18.58,82.7,83.0
18.60,82.7,83.1
18.62,82.7,83.0
18.63,82.7,83.1
18.65,82.7,83.1
18.67,82.7,83.1
18.68,82.8,83.1
18.70,82.8,83.1
18.72,82.8,83.2
18.73,82.8,83.2
18.75,82.9,83.2
18.77,82.9,83.2
18.78,82.9,83.2
18.80,82.9,83.2
18.82,82.9,83.2
18.83,82.9,83.2
18.85,82.9,83.2
18.87,82.9,83.2
18.88,82.9,83.2
18.90,82.9,83.3
18.92,82.9,83.2
18.93,82.9,83.2
18.95,82.9,83.2
18.97,82.9,83.3
18.98,82.9,83.3
19.00,82.9,83.3
19.02,83.0,83.3
19.03,83.0,83.3
19.05,83.0,83.3
19.07,83.0,83.3
19.08,83.0,83.3
19.10,83.0,83.3
19.12,83.0,83.3
19.13,83.1,83.3
19.15,83.1,83.3
19.17,83.1,83.3
19.18,83.1,83.3
19.20,83.1,83.4
19.22,83.1,83.4
19.23,83.1,83.4
19.25,83.1,83.4
19.27,83.1,83.4
19.28,83.1,83.4
19.30,83.2,83.4
19.32,83.2,83.4
19.33,83.2,83.4
19.35,83.2,83.4
19.37,83.2,83.5
19.38,83.2,83.5
19.40,83.2,83.5
19.42,83.2,83.5
19.43,83.2,83.5
19.45,83.2,83.5
19.47,83.3,83.5
19.48,83.3,83.6
19.50,83.3,83.5
19.52,83.3,83.6
19.53,83.3,83.6
19.55,83.3,83.6
19.57,83.3,83.6
19.58,83.3,83.6
19.60,83.3,83.6
19.62,83.3,83.6
19.63,83.3,83.6
19.65,83.3,83.6
19.67,83.3,83.6
19.68,83.3,83.6
19.70,83.4,83.6
19.72,83.4,83.6
19.73,83.4,83.6
19.75,83.4,83.6
19.77,83.4,83.6
19.78,83.4,83.6
19.80,83.4,83.6
19.82,83.4,83.7
19.83,83.4,83.6
19.85,83.4,83.7
19.87,83.4,83.7
19.88,83.4,83.7
19.90,83.5,83.7
19.92,83.5,83.7
19.93,83.5,83.6
19.95,83.4,83.6
19.97,83.4,83.6
19.98,83.4,83.6
20.00,83.4,83.6
20.02,83.4,83.6
20.03,83.4,83.6
20.05,83.4,83.6
20.07,83.4,83.6
20.08,83.4,83.6
20.10,83.4,83.6
20.12,83.4,83.6
20.13,83.4,83.6
20.15,83.4,83.6
20.17,83.4,83.5
20.18,83.4,83.5
20.20,83.4,83.5
20.22,83.3,83.5
20.23,83.4,83.5
20.25,83.3,83.5
20.27,83.3,83.5
20.28,83.3,83.5
20.30,83.3,83.5
20.32,83.3,83.5
20.33,83.3,83.6
20.35,83.3,83.5
20.37,83.3,83.5
20.38,83.3,83.6
20.40,83.3,83.6
20.42,83.4,83.6
20.43,83.4,83.6
20.45,83.4,83.6
20.47,83.4,83.6
20.48,83.4,83.6
20.50,83.4,83.6
20.52,83.5,83.6
20.53,83.5,83.6
20.55,83.5,83.6
20.57,83.5,83.6
20.58,83.5,83.6
20.60,83.5,83.6
20.62,83.5,83.6
20.63,83.5,83.7
20.65,83.5,83.7
20.67,83.5,83.7
20.68,83.5,83.7
20.70,83.5,83.7
20.72,83.5,83.7
20.73,83.5,83.7
20.75,83.5,83.7
20.77,83.5,83.7
20.78,83.5,83.7
20.80,83.5,83.8
20.82,83.5,83.8
20.83,83.5,83.8
20.85,83.6,83.8
20.87,83.6,83.8
20.88,83.6,83.8
20.90,83.6,83.8
20.92,83.6,83.8
20.93,83.6,83.8
20.95,83.6,83.8
20.97,83.6,83.8
20.98,83.6,83.8
21.00,83.6,83.8
21.02,83.7,83.8
21.03,83.7,83.8
21.05,83.7,83.8
21.07,83.7,83.9
21.08,83.7,83.9
21.10,83.7,83.8
21.12,83.7,83.9
21.13,83.7,83.9
21.15,83.7,83.9
21.17,83.7,83.9
21.18,83.7,83.9
21.20,83.8,83.9
21.22,83.8,83.9
21.23,83.7,83.9
21.25,83.7,83.9
21.27,83.7,83.9
21.28,83.8,83.9
21.30,83.8,83.9
21.32,83.7,83.9
21.33,83.8,83.9
21.35,83.8,83.9
21.37,83.8,83.9
21.38,83.8,83.9
21.40,83.8,83.9
21.42,83.8,83.9
21.43,83.8,83.9
21.45,83.8,83.9
21.47,83.8,83.9
21.48,83.8,83.9
21.50,83.8,83.9
21.52,83.8,83.9
21.53,83.8,83.9
21.55,83.8,83.9
21.57,83.8,83.9
21.58,83.8,83.9
21.60,83.8,83.9
21.62,83.8,83.9
21.63,83.8,84.0
21.65,83.8,84.0
21.67,83.8,84.0
21.68,83.8,84.0
21.70,83.8,84.0
21.72,83.8,84.0
21.73,83.8,84.0
21.75,83.9,84.0
21.77,83.9,84.1
21.78,83.9,84.0
21.80,83.9,84.0
21.82,83.9,84.0
21.83,83.9,84.1
21.85,83.9,84.1
21.87,83.9,84.1
21.88,83.9,84.1
21.90,83.9,84.1
21.92,83.9,84.1
21.93,83.9,84.1
21.95,83.9,84.1
21.97,83.9,84.1
21.98,83.9,84.1
22.00,83.9,84.1
22.02,83.9,84.1
22.03,84.0,84.1
22.05,83.9,84.1
22.07,84.0,84.2
22.08,84.0,84.2
22.10,84.0,84.2
22.12,84.0,84.2
22.13,84.0,84.2
22.15,84.0,84.2
22.17,84.0,84.2
22.18,84.0,84.2
22.20,84.0,84.2
22.22,84.0,84.2
22.23,84.0,84.2
22.25,84.0,84.2
22.27,84.0,84.2
22.28,84.0,84.2
22.30,84.0,84.2
22.32,84.0,84.2
22.33,84.0,84.2
22.35,84.1,84.2
22.37,84.0,84.2
22.38,84.0,84.2
22.40,84.0,84.2
22.42,84.1,84.2
22.43,84.0,84.2
22.45,84.1,84.2
22.47,84.1,84.2
22.48,84.1,84.2
22.50,84.0,84.2
22.52,84.1,84.2
22.53,84.1,84.2
22.55,84.1,84.2
22.57,84.1,84.2
22.58,84.1,84.2
22.60,84.1,84.2
22.62,84.1,84.2
22.63,84.1,84.2
22.65,84.1,84.2
22.67,84.1,84.2
22.68,84.1,84.2
22.70,84.1,84.2
22.72,84.1,84.2
22.73,84.1,84.2
22.75,84.1,84.2
22.77,84.1,84.2
22.78,84.1,84.2
22.80,84.1,84.2
22.82,84.1,84.2
22.83,84.0,84.2
22.85,84.1,84.2
22.87,84.1,84.2
22.88,84.1,84.2
22.90,84.1,84.2
22.92,84.1,84.2
22.93,84.1,84.2
22.95,84.1,84.2
22.97,84.1,84.2
22.98,84.0,84.2
23.00,84.0,84.2
23.02,84.0,84.2
23.03,84.0,84.2
23.05,84.0,84.2
23.07,84.0,84.2
23.08,84.0,84.2
23.10,84.0,84.2
23.12,84.0,84.2
23.13,84.0,84.2
23.15,84.0,84.2
23.17,84.0,84.2
23.18,84.0,84.2
23.20,84.0,84.2
23.22,84.0,84.2
23.23,84.0,84.2
23.25,84.0,84.2
23.27,84.0,84.2
23.28,84.0,84.2
23.30,84.1,84.2
23.32,84.0,84.2
23.33,84.0,84.2
23.35,84.1,84.2
23.37,84.0,84.2
23.38,84.0,84.2
23.40,84.0,84.2
23.42,84.1,84.2
23.43,84.0,84.2
23.45,84.1,84.2
23.47,84.1,84.2
23.48,84.1,84.2
23.50,84.1,84.2
23.52,84.1,84.2
23.53,84.1,84.2
23.55,84.1,84.2
23.57,84.1,84.2
23.58,84.1,84.2
23.60,84.1,84.2
23.62,84.1,84.2
23.63,84.1,84.2
23.65,84.1,84.2
23.67,84.1,84.2
23.68,84.1,84.2
23.70,84.1,84.2
23.72,84.1,84.2
23.73,84.1,84.2
23.75,84.1,84.2
23.77,84.1,84.2
23.78,84.1,84.2
23.80,84.1,84.2
23.82,84.1,84.2
23.83,84.1,84.2
23.85,84.1,84.2
23.87,84.1,84.2
23.88,84.1,84.2
23.90,84.1,84.2
23.92,84.1,84.2
23.93,84.1,84.2
23.95,84.2,84.2
23.97,84.1,84.2
23.98,84.2,84.2
24.00,84.1,84.2
24.02,84.2,84.2
24.03,84.2,84.2
24.05,84.2,84.2
24.07,84.2,84.2
24.08,84.1,84.2
24.10,84.2,84.2
24.12,84.2,84.2
24.13,84.1,84.2
24.15,84.1,84.2
24.17,84.1,84.2
24.18,84.1,84.2
24.20,84.1,84.2
24.22,84.1,84.2
24.23,84.1,84.2
24.25,84.1,84.2
24.27,84.1,84.2
24.28,84.1,84.2
24.30,84.1,84.2
24.32,84.1,84.2
24.33,84.1,84.2
24.35,84.1,84.2
24.37,84.1,84.2
24.38,84.2,84.2
24.40,84.1,84.2
24.42,84.1,84.2
24.43,84.1,84.2
24.45,84.1,84.3
24.47,84.1,84.3
24.48,84.1,84.2
24.50,84.1,84.3
24.52,84.1,84.2
24.53,84.1,84.2
24.55,84.1,84.2
24.57,84.1,84.2
24.58,84.1,84.2
24.60,84.1,84.2
24.62,84.1,84.3
24.63,84.1,84.2
24.65,84.1,84.2
24.67,84.1,84.3
24.68,84.1,84.2
24.70,84.1,84.2
24.72,84.1,84.2
24.73,84.1,84.2
24.75,84.1,84.2
24.77,84.1,84.2
24.78,84.1,84.3
24.80,84.1,84.2
24.82,84.1,84.3
24.83,84.1,84.3
24.85,84.1,84.2
24.87,84.1,84.2
24.88,84.1,84.2
24.90,84.1,84.3
24.92,84.1,84.3
24.93,84.1,84.3
24.95,84.1,84.3
24.97,84.1,84.3
24.98,84.1,84.2
25.00,84.1,84.3
25.02,84.1,84.3
25.03,84.1,84.3
25.05,84.1,84.3
25.07,84.1,84.3
25.08,84.1,84.3
25.10,84.1,84.3
25.12,84.1,84.3
25.13,84.1,84.3
25.15,84.1,84.3
25.17,84.1,84.3
25.18,84.1,84.3
25.20,84.1,84.3
25.22,84.1,84.3
25.23,84.1,84.3
25.25,84.1,84.3
25.27,84.1,84.3
25.28,84.1,84.3
25.30,84.1,84.3
25.32,84.1,84.3
25.33,84.1,84.3
25.35,84.1,84.3
25.37,84.1,84.3
25.38,84.1,84.3
25.40,84.1,84.3
25.42,84.1,84.3
25.43,84.1,84.3
25.45,84.1,84.3
25.47,84.1,84.3
25.48,84.1,84.3
25.50,84.1,84.3
25.52,84.1,84.3
25.53,84.1,84.3
25.55,84.1,84.2
25.57,84.1,84.3
25.58,84.1,84.3
25.60,84.1,84.3
25.62,84.1,84.3
25.63,84.1,84.3
25.65,84.1,84.3
25.67,84.1,84.2
25.68,84.1,84.3
25.70,84.1,84.3
25.72,84.1,84.3
25.73,84.1,84.3
25.75,84.1,84.3
25.77,84.1,84.3
25.78,84.1,84.3
25.80,84.1,84.3
25.82,84.1,84.3
25.83,84.1,84.3
25.85,84.2,84.3
25.87,84.2,84.3
25.88,84.2,84.3
25.90,84.2,84.3
25.92,84.2,84.3
25.93,84.2,84.3
25.95,84.2,84.3
25.97,84.2,84.3
25.98,84.2,84.3
26.00,84.2,84.3
26.02,84.1,84.3
26.03,84.2,84.3
26.05,84.1,84.3
26.07,84.2,84.3
26.08,84.2,84.3
26.10,84.2,84.3
26.12,84.2,84.3
26.13,84.2,84.3
26.15,84.2,84.3
26.17,84.2,84.3
26.18,84.2,84.3
26.20,84.2,84.3
26.22,84.2,84.3
26.23,84.2,84.3
26.25,84.2,84.3
26.27,84.1,84.3
26.28,84.2,84.3
26.30,84.2,84.3
26.32,84.2,84.3
26.33,84.1,84.3
26.35,84.2,84.3
26.37,84.2,84.3
26.38,84.2,84.3
26.40,84.2,84.3
26.42,84.2,84.3
26.43,84.2,84.3
26.45,84.3,84.5
26.47,84.2,84.3
26.48,84.2,84.3
26.50,84.2,84.3
26.52,84.2,84.3
26.53,84.2,84.3
26.55,84.2,84.3
26.57,84.2,84.3
26.58,84.2,84.3
26.60,84.2,84.3
26.62,84.2,84.3
26.63,84.2,84.3
26.65,84.2,84.3
26.67,84.3,84.3
26.68,84.2,84.3
26.70,84.3,84.3
26.72,84.3,84.3
26.73,84.3,84.3
26.75,84.3,84.3
26.77,84.3,84.3
26.78,84.3,84.3
26.80,84.3,84.4
26.82,84.3,84.3
26.83,84.3,84.3
26.85,84.3,84.3
26.87,84.3,84.3
26.88,84.3,84.3
26.90,84.3,84.3
26.92,84.3,84.4
26.93,84.3,84.3
26.95,84.4,84.4
26.97,84.3,84.4
26.98,84.3,84.4
27.00,84.3,84.4
27.02,84.3,84.4
27.03,84.3,84.4
27.05,84.3,84.4
27.07,84.3,84.4
27.08,84.3,84.4
27.10,84.3,84.4
27.12,84.3,84.4
27.13,84.4,84.4
27.15,84.4,84.4
27.17,84.4,84.4
27.18,84.4,84.4
27.20,84.3,84.4
27.22,84.4,84.4
27.23,84.4,84.4
27.25,84.4,84.4
27.27,84.4,84.4
27.28,84.4,84.4
27.30,84.4,84.5
27.32,84.4,84.4
27.33,84.4,84.4
27.35,84.4,84.4
27.37,84.4,84.4
27.38,84.4,84.4
27.40,84.4,84.4
27.42,84.4,84.4
27.43,84.4,84.4
27.45,84.4,84.4
27.47,84.4,84.4
27.48,84.4,84.4
27.50,84.4,84.4
27.52,84.4,84.4
27.53,84.4,84.4
27.55,84.4,84.4
27.57,84.4,84.4
27.58,84.4,84.4
27.60,84.4,84.4
27.62,84.4,84.4
27.63,84.4,84.4
27.65,84.4,84.4
27.67,84.4,84.4
27.68,84.4,84.4
27.70,84.4,84.4
27.72,84.4,84.4
27.73,84.4,84.5
27.75,84.4,84.4
27.77,84.4,84.4
27.78,84.4,84.5
27.80,84.4,84.5
27.82,84.4,84.4
27.83,84.4,84.4
27.85,84.4,84.4
27.87,84.4,84.4
27.88,84.4,84.4
27.90,84.4,84.4
27.92,84.4,84.4
27.93,84.4,84.4
27.95,84.4,84.4
27.97,84.4,84.4
27.98,84.4,84.4
28.00,84.4,84.4
28.02,84.4,84.4
28.03,84.4,84.4
28.05,84.4,84.4
28.07,84.4,84.4
28.08,84.4,84.4
28.10,84.4,84.4
28.12,84.4,84.4
28.13,84.4,84.4
28.15,84.5,84.4
28.17,84.4,84.4
28.18,84.5,84.4
28.20,84.5,84.4
28.22,84.5,84.4
28.23,84.5,84.4
28.25,84.5,84.4
28.27,84.5,84.4
28.28,84.5,84.4
28.30,84.5,84.4
28.32,84.5,84.4
28.33,84.5,84.4
28.35,84.5,84.4
28.37,84.5,84.4
28.38,84.5,84.4
28.40,84.5,84.4
28.42,84.5,84.4
28.43,84.5,84.5
28.45,84.5,84.4
28.47,84.5,84.4
28.48,84.5,84.4
28.50,84.5,84.4
28.52,84.5,84.4
28.53,84.5,84.5
28.55,84.5,84.4
28.57,84.5,84.5
28.58,84.5,84.4
28.60,84.6,84.5
28.62,84.5,84.5
28.63,84.6,84.5
28.65,84.5,84.5
28.67,84.5,84.5
28.68,84.5,84.5
28.70,84.5,84.5
28.72,84.5,84.5
28.73,84.5,84.5
28.75,84.6,84.5
28.77,84.6,84.5
28.78,84.6,84.5
28.80,84.5,84.5
28.82,84.5,84.5
28.83,84.5,84.5
28.85,84.5,84.5
28.87,84.5,84.5
28.88,84.5,84.5
28.90,84.5,84.5
28.92,84.5,84.5
28.93,84.5,84.5
28.95,84.5,84.5
28.97,84.5,84.5
28.98,84.6,84.5
29.00,84.6,84.5
29.02,84.5,84.5
29.03,84.6,84.5
29.05,84.5,84.5
29.07,84.6,84.5
29.08,84.6,84.5
29.10,84.6,84.5
29.12,84.6,84.5
29.13,84.6,84.5
29.15,84.5,84.5
29.17,84.5,84.5
29.18,84.5,84.5
29.20,84.5,84.5
29.22,84.5,84.5
29.23,84.5,84.5
29.25,84.5,84.5
29.27,84.5,84.5
29.28,84.5,84.4
29.30,84.5,84.5
29.32,84.5,84.4
29.33,84.5,84.4
29.35,84.5,84.4
29.37,84.5,84.4
29.38,84.5,84.5
29.40,84.5,84.4
29.42,84.5,84.4
29.43,84.5,84.4
29.45,84.5,84.5
29.47,84.5,84.5
29.48,84.5,84.4
29.50,84.5,84.5
29.52,84.5,84.5
29.53,84.5,84.4
29.55,84.5,84.5
29.57,84.5,84.4
29.58,84.5,84.4
29.60,84.5,84.4
29.62,84.5,84.4
29.63,84.5,84.4
29.65,84.5,84.4
29.67,84.5,84.5
29.68,84.5,84.4
29.70,84.5,84.4
29.72,84.5,84.4
29.73,84.5,84.4
29.75,84.5,84.4
29.77,84.5,84.5
29.78,84.5,84.4
29.80,84.5,84.4
29.82,84.5,84.5
29.83,84.5,84.5
29.85,84.5,84.5
29.87,84.5,84.5
29.88,84.5,84.5
29.90,84.5,84.4
29.92,84.5,84.4
29.93,84.5,84.5
29.95,84.5,84.5
29.97,84.5,84.4
29.98,84.5,84.5
30.00,84.6,84.5
30.02,84.6,84.5
30.03,84.6,84.5
30.05,84.6,84.5
30.07,84.6,84.5
30.08,84.6,84.5
30.10,84.6,84.5
30.12,84.6,84.5
30.13,84.5,84.5
30.15,84.5,84.5
30.17,84.5,84.5
30.18,84.5,84.5
30.20,84.5,84.5
30.22,84.5,84.5
30.23,84.5,84.5
30.25,84.5,84.5
30.27,84.5,84.5
30.28,84.5,84.5
30.30,84.5,84.5
30.32,84.5,84.4
30.33,84.6,84.5
30.35,84.5,84.4
30.37,84.6,84.4
30.38,84.5,84.4
30.40,84.5,84.4
30.42,84.5,84.4
30.43,84.5,84.5
30.45,84.5,84.5
30.47,84.5,84.5
30.48,84.5,84.4
30.50,84.6,84.5
30.52,84.5,84.4
30.53,84.6,84.4
30.55,84.6,84.4
30.57,84.6,84.5
30.58,84.6,84.4
30.60,84.6,84.5
30.62,84.6,84.4
30.63,84.6,84.5
30.65,84.5,84.5
30.67,84.6,84.4
30.68,84.5,84.4
30.70,84.5,84.4
30.72,84.6,84.4
30.73,84.5,84.4
30.75,84.6,84.5
30.77,84.6,84.4
30.78,84.6,84.4
30.80,84.6,84.4
30.82,84.6,84.5
30.83,84.6,84.4
30.85,84.6,84.4
30.87,84.6,84.5
30.88,84.6,84.4
30.90,84.6,84.5
30.92,84.6,84.4
30.93,84.6,84.5
30.95,84.6,84.5
30.97,84.6,84.4
30.98,84.6,84.5
31.00,84.6,84.5
31.02,84.6,84.5
31.03,84.6,84.5
31.05,84.6,84.4
31.07,84.6,84.4
31.08,84.6,84.5
31.10,84.6,84.5
31.12,84.6,84.4
31.13,84.6,84.5
31.15,84.6,84.5
31.17,84.6,84.4
31.18,84.6,84.4
31.20,84.6,84.5
31.22,84.6,84.4
31.23,84.6,84.4
31.25,84.7,84.4
31.27,84.7,84.4
31.28,84.6,84.4
31.30,84.6,84.4
31.32,84.6,84.4
31.33,84.6,84.4
31.35,84.7,84.5
31.37,84.6,84.5
31.38,84.6,84.4
31.40,84.7,84.4
31.42,84.7,84.4
31.43,84.7,84.5
31.45,84.6,84.4
31.47,84.6,84.4
31.48,84.6,84.4
31.50,84.6,84.4
31.52,84.7,84.4
31.53,84.7,84.4
31.55,84.7,84.4
31.57,84.7,84.4
31.58,84.7,84.4
31.60,84.7,84.4
31.62,84.7,84.4
31.63,84.7,84.5
31.65,84.7,84.4
31.67,84.7,84.4
31.68,84.7,84.4
31.70,84.7,84.4
31.72,84.7,84.4
31.73,84.7,84.4
31.75,84.7,84.4
31.77,84.7,84.4
31.78,84.7,84.4
31.80,84.7,84.4
31.82,84.7,84.4
31.83,84.7,84.4
31.85,84.7,84.4
31.87,84.7,84.4
31.88,84.7,84.4
31.90,84.7,84.4
31.92,84.7,84.4
31.93,84.7,84.4
31.95,84.7,84.4
31.97,84.7,84.4
31.98,84.7,84.4
32.00,84.7,84.3
32.02,84.7,84.4
32.03,84.7,84.4
32.05,84.7,84.4
32.07,84.7,84.4
32.08,84.7,84.4
32.10,84.7,84.4
32.12,84.7,84.4
32.13,84.7,84.4
32.15,84.7,84.4
32.17,84.7,84.4
32.18,84.7,84.4
32.20,84.7,84.4
32.22,84.7,84.4
32.23,84.7,84.4
32.25,84.7,84.3
32.27,84.7,84.4
32.28,84.7,84.4
32.30,84.7,84.4
32.32,84.7,84.4
32.33,84.7,84.4
32.35,84.7,84.4
32.37,84.7,84.4
32.38,84.7,84.4
32.40,84.7,84.4
32.42,84.7,84.4
32.43,84.7,84.4
32.45,84.7,84.4
32.47,84.7,84.4
32.48,84.7,84.4
32.50,84.7,84.4
32.52,84.7,84.4
32.53,84.7,84.4
32.55,84.7,84.4
32.57,84.7,84.4
32.58,84.7,84.4
32.60,84.7,84.4
32.62,84.7,84.3
32.63,84.7,84.4
32.65,84.7,84.4
32.67,84.7,84.4
32.68,84.7,84.4
32.70,84.7,84.4
32.72,84.7,84.3
32.73,84.7,84.4
32.75,84.7,84.4
32.77,84.7,84.4
32.78,84.7,84.4
32.80,84.7,84.4
32.82,84.7,84.4
32.83,84.7,84.4
32.85,84.7,84.4
32.87,84.7,84.4
32.88,84.7,84.4
32.90,84.7,84.4
32.92,84.7,84.3
32.93,84.7,84.4
32.95,84.7,84.4
32.97,84.7,84.4
32.98,84.7,84.4
33.00,84.7,84.3
33.02,84.7,84.4
33.03,84.7,84.4
33.05,84.7,84.4
33.07,84.7,84.3
33.08,84.7,84.4
33.10,84.7,84.4
33.12,84.7,84.4
33.13,84.7,84.3
33.15,84.7,84.4
33.17,84.7,84.3
33.18,84.7,84.3
33.20,84.7,84.3
33.22,84.7,84.3
33.23,84.7,84.3
33.25,84.7,84.3
33.27,84.7,84.3
33.28,84.7,84.3
33.30,84.7,84.3
33.32,84.7,84.3
33.33,84.7,84.3
33.35,84.7,84.3
33.37,84.7,84.3
33.38,84.7,84.3
33.40,84.7,84.3
33.42,84.7,84.3
33.43,84.7,84.3
33.45,84.7,84.4
33.47,84.7,84.3
33.48,84.7,84.3
33.50,84.7,84.3
33.52,84.7,84.4
33.53,84.7,84.3
33.55,84.7,84.3
33.57,84.7,84.3
33.58,84.7,84.4
33.60,84.7,84.3
33.62,84.7,84.3
33.63,84.7,84.3
33.65,84.7,84.3
33.67,84.7,84.3
33.68,84.7,84.3
33.70,84.7,84.3
33.72,84.7,84.3
33.73,84.7,84.3
33.75,84.7,84.3
33.77,84.7,84.3
33.78,84.7,84.3
33.80,84.7,84.3
33.82,84.7,84.3
33.83,84.7,84.3
33.85,84.7,84.3
33.87,84.7,84.3
33.88,84.7,84.3
33.90,84.7,84.3
33.92,84.7,84.3
33.93,84.7,84.3
33.95,84.7,84.3
33.97,84.7,84.3
33.98,84.7,84.3
34.00,84.7,84.3
34.02,84.7,84.3
34.03,84.7,84.3
34.05,84.7,84.3
34.07,84.7,84.3
34.08,84.7,84.3
34.10,84.7,84.3
34.12,84.7,84.3
34.13,84.7,84.3
34.15,84.7,84.3
34.17,84.7,84.3
34.18,84.7,84.3
34.20,84.7,84.3
34.22,84.7,84.3
34.23,84.7,84.3
34.25,84.7,84.3
34.27,84.7,84.3
34.28,84.7,84.3
34.30,84.7,84.3
34.32,84.7,84.3
34.33,84.7,84.3
34.35,84.7,84.3
34.37,84.7,84.3
34.38,84.7,84.3
34.40,84.7,84.3
34.42,84.7,84.3
34.43,84.7,84.3
34.45,84.7,84.3
34.47,84.7,84.3
34.48,84.7,84.3
34.50,84.7,84.3
34.52,84.7,84.3
34.53,84.7,84.3
34.55,84.7,84.3
34.57,84.7,84.3
34.58,84.7,84.3
34.60,84.7,84.3
34.62,84.7,84.3
34.63,84.7,84.3
34.65,84.7,84.3
34.67,84.7,84.3
34.68,84.7,84.3
34.70,84.7,84.3
34.72,84.7,84.3
34.73,84.7,84.3
34.75,84.7,84.3
34.77,84.7,84.3
34.78,84.7,84.3
34.80,84.7,84.3
34.82,84.7,84.3
34.83,84.7,84.3
34.85,84.7,84.3
34.87,84.7,84.3
34.88,84.7,84.3
34.90,84.7,84.3
34.92,84.7,84.3
34.93,84.7,84.3
34.95,84.7,84.3
34.97,84.7,84.3
34.98,84.7,84.3
35.00,84.7,84.3
35.02,84.7,84.3
35.03,84.7,84.3
35.05,84.7,84.3
35.07,84.7,84.3
35.08,84.7,84.3
35.10,84.7,84.3
35.12,84.7,84.3
35.13,84.7,84.3
35.15,84.7,84.3
35.17,84.7,84.3
35.18,84.7,84.3
35.20,84.7,84.4
35.22,84.7,84.4
35.23,84.7,84.4
35.25,84.7,84.4
35.27,84.7,84.4
35.28,84.7,84.4
35.30,84.7,84.4
35.32,84.7,84.4
35.33,84.7,84.4
35.35,84.7,84.4
35.37,84.7,84.4
35.38,84.7,84.4
35.40,84.7,84.4
35.42,84.7,84.4
35.43,84.7,84.3
35.45,84.7,84.4
35.47,84.7,84.4
35.48,84.7,84.4
35.50,84.7,84.4
35.52,84.7,84.4
35.53,84.7,84.4
35.55,84.7,84.4
35.57,84.7,84.4
35.58,84.7,84.4
35.60,84.7,84.4
35.62,84.7,84.4
35.63,84.7,84.4
35.65,84.7,84.4
35.67,84.7,84.4
35.68,84.7,84.3
35.70,84.7,84.3
35.72,84.7,84.4
35.73,84.7,84.3
35.75,84.7,84.4
35.77,84.7,84.3
35.78,84.7,84.3
35.80,84.7,84.3
35.82,84.7,84.4
35.83,84.7,84.3
35.85,84.7,84.3
35.87,84.7,84.4
35.88,84.7,84.3
35.90,84.7,84.4
35.92,84.7,84.4
35.93,84.7,84.4
35.95,84.7,84.4
35.97,84.7,84.4
35.98,84.7,84.4
36.00,84.7,84.4
36.02,84.7,84.4
36.03,84.7,84.4
36.05,84.7,84.4
36.07,84.7,84.4
36.08,84.7,84.4
36.10,84.7,84.4
36.12,84.7,84.4
36.13,84.7,84.4
36.15,84.7,84.4
36.17,84.7,84.4
36.18,84.7,84.4
36.20,84.7,84.4
36.22,84.7,84.3
36.23,84.7,84.4
36.25,84.7,84.4
36.27,84.7,84.4
36.28,84.7,84.4
36.30,84.7,84.4
36.32,84.7,84.4
36.33,84.7,84.4
36.35,84.7,84.4
36.37,84.8,84.5
36.38,84.7,84.4
36.40,84.7,84.4
36.42,84.7,84.4
36.43,84.7,84.4
36.45,84.7,84.4
36.47,84.7,84.4
36.48,84.7,84.4
36.50,84.7,84.4
36.52,84.7,84.4
36.53,84.7,84.4
36.55,84.7,84.4
36.57,84.7,84.4
36.58,84.7,84.4
36.60,84.8,84.4
36.62,84.7,84.4
36.63,84.8,84.4
36.65,84.7,84.4
36.67,84.7,84.4
36.68,84.7,84.4
36.70,84.7,84.4
36.72,84.7,84.4
36.73,84.7,84.4
36.75,84.7,84.4
36.77,84.7,84.4
36.78,84.7,84.4
36.80,84.7,84.4
36.82,84.7,84.4
36.83,84.7,84.4
36.85,84.7,84.4
36.87,84.7,84.4
36.88,84.7,84.4
36.90,84.7,84.4
36.92,84.7,84.4
36.93,84.7,84.4
36.95,84.7,84.4
36.97,84.7,84.4
36.98,84.7,84.4
37.00,84.7,84.4
37.02,84.7,84.4
37.03,84.7,84.4
37.05,84.7,84.4
37.07,84.7,84.4
37.08,84.7,84.4
37.10,84.7,84.4
37.12,84.7,84.4
37.13,84.7,84.4
37.15,84.7,84.4
37.17,84.7,84.4
37.18,84.7,84.4
37.20,84.7,84.4
37.22,84.7,84.4
37.23,84.7,84.4
37.25,84.7,84.4
37.27,84.7,84.4
37.28,84.7,84.4
37.30,84.7,84.4
37.32,84.7,84.4
37.33,84.7,84.4
37.35,84.7,84.4
37.37,84.7,84.4
37.38,84.7,84.4
37.40,84.7,84.4
37.42,84.7,84.4
37.43,84.7,84.4
37.45,84.8,84.6
37.47,84.7,84.4
37.48,84.6,84.4
37.50,84.7,84.4
37.52,84.6,84.4
37.53,84.7,84.5
37.55,84.7,84.4
37.57,84.7,84.4
37.58,84.7,84.5
37.60,84.7,84.5
37.62,84.7,84.4
37.63,84.7,84.5
37.65,84.7,84.5
37.67,84.7,84.5
37.68,84.7,84.5
37.70,84.7,84.5
37.72,84.7,84.5
37.73,84.7,84.5
37.75,84.7,84.5
37.77,84.7,84.5
37.78,84.7,84.5
37.80,84.7,84.5
37.82,84.7,84.5
37.83,84.7,84.5
37.85,84.7,84.5
37.87,84.7,84.5
37.88,84.7,84.5
37.90,84.7,84.5
37.92,84.7,84.5
37.93,84.7,84.5
37.95,84.7,84.5
37.97,84.7,84.5
37.98,84.7,84.5
38.00,84.7,84.5
38.02,84.7,84.5
38.03,84.7,84.5
38.05,84.7,84.5
38.07,84.7,84.5
38.08,84.7,84.5
38.10,84.7,84.5
38.12,84.7,84.5
38.13,84.7,84.5
38.15,84.7,84.5
38.17,84.7,84.5
38.18,84.7,84.5
38.20,84.7,84.5
38.22,84.7,84.5
38.23,84.7,84.5
38.25,84.7,84.5
38.27,84.7,84.5
38.28,84.7,84.5
38.30,84.7,84.5
38.32,84.7,84.5
38.33,84.7,84.5
38.35,84.7,84.5
38.37,84.7,84.5
38.38,84.7,84.5
38.40,84.7,84.5
38.42,84.7,84.5
38.43,84.8,84.5
38.45,84.7,84.5
38.47,84.8,84.5
38.48,84.8,84.5
38.50,84.8,84.5
38.52,84.8,84.5
38.53,84.7,84.5
38.55,84.8,84.5
38.57,84.8,84.5
38.58,84.8,84.5
38.60,84.7,84.5
38.62,84.7,84.5
38.63,84.7,84.5
38.65,84.7,84.5
38.67,84.7,84.5
38.68,84.7,84.5
38.70,84.7,84.5
38.72,84.7,84.5
38.73,84.7,84.5
38.75,84.7,84.5
38.77,84.7,84.5
38.78,84.7,84.5
38.80,84.7,84.5
38.82,84.7,84.5
38.83,84.7,84.5
38.85,84.8,84.5
38.87,84.8,84.5
38.88,84.8,84.6
38.90,84.8,84.5
38.92,84.8,84.6
38.93,84.8,84.5
38.95,84.8,84.5
38.97,84.8,84.6
38.98,84.8,84.5
39.00,84.8,84.6
39.02,84.8,84.6
39.03,84.8,84.6
39.05,84.8,84.6
39.07,84.8,84.6
39.08,84.8,84.6
39.10,84.8,84.6
39.12,84.8,84.6
39.13,84.8,84.6
39.15,84.8,84.6
39.17,84.8,84.6
39.18,84.8,84.6
39.20,84.7,84.6
39.22,84.7,84.6
39.23,84.7,84.6
39.25,84.7,84.6
39.27,84.7,84.6
39.28,84.7,84.6
39.30,84.7,84.5
39.32,84.7,84.5
39.33,84.8,84.5
39.35,84.8,84.6
39.37,84.8,84.6
39.38,84.8,84.6
39.40,84.8,84.6
39.42,84.8,84.6
39.43,84.8,84.6
39.45,84.8,84.6
39.47,84.8,84.6
39.48,84.8,84.6
39.50,84.8,84.6
39.52,84.9,84.6
39.53,84.9,84.6
39.55,84.8,84.6
39.57,84.9,84.6
39.58,84.9,84.6
39.60,84.9,84.7
39.62,84.9,84.7
39.63,84.9,84.6
39.65,84.9,84.7
39.67,84.9,84.6
39.68,84.9,84.7
39.70,84.9,84.7
39.72,84.9,84.7
39.73,84.9,84.7
39.75,84.9,84.7
39.77,84.9,84.7
39.78,84.9,84.7
39.80,84.9,84.7
39.82,84.9,84.7
39.83,84.9,84.7
39.85,84.9,84.7
39.87,84.9,84.7
39.88,84.9,84.7
39.90,84.9,84.7
39.92,84.9,84.7
39.93,84.9,84.7
39.95,84.9,84.7
39.97,84.9,84.6
39.98,84.9,84.6
40.00,84.9,84.7
40.02,84.9,84.7
40.03,84.9,84.7
40.05,84.9,84.7
40.07,84.9,84.7
40.08,84.9,84.7
40.10,84.9,84.7
40.12,84.9,84.8
40.13,84.9,84.7
40.15,85.0,84.7
40.17,84.9,84.7
40.18,84.9,84.7
40.20,84.9,84.7
40.22,85.0,84.7
40.23,85.0,84.7
40.25,85.0,84.8
40.27,85.0,84.8
40.28,85.0,84.8
40.30,85.0,84.7
40.32,85.0,84.8
40.33,85.0,84.8
40.35,85.0,84.8
40.37,85.0,84.8
40.38,85.0,84.8
40.40,85.0,84.8
40.42,85.0,84.8
40.43,85.0,84.8
40.45,85.0,84.8
40.47,85.0,84.8
40.48,85.0,84.8
40.50,85.0,84.8
40.52,85.0,84.8
40.53,85.0,84.8
40.55,85.0,84.8
40.57,85.0,84.8
40.58,85.0,84.8
40.60,85.0,84.8
40.62,85.0,84.8
40.63,85.0,84.8
40.65,85.0,84.8
40.67,85.0,84.8
40.68,85.0,84.8
40.70,85.0,84.8
40.72,85.0,84.8
40.73,85.0,84.8
40.75,85.0,84.8
40.77,85.0,84.8
40.78,85.0,84.8
40.80,85.0,84.8
40.82,85.0,84.8
40.83,85.0,84.8
40.85,85.0,84.8
40.87,85.0,84.8
40.88,85.0,84.8
40.90,85.1,84.8
40.92,85.0,84.8
40.93,85.1,84.8
40.95,85.1,84.8
40.97,85.1,84.8
40.98,85.1,84.8
41.00,85.1,84.8
41.02,85.1,84.8
41.03,85.2,84.8
41.05,85.2,84.8
41.07,85.2,84.8
41.08,85.2,84.8
41.10,85.2,84.9
41.12,85.2,84.8
41.13,85.2,84.8
41.15,85.2,84.8
41.17,85.2,84.8
41.18,85.2,84.8
41.20,85.2,84.9
41.22,85.2,84.9
41.23,85.2,84.9
41.25,85.2,84.9
41.27,85.2,84.9
41.28,85.2,84.9
41.30,85.2,84.9
41.32,85.2,84.9
41.33,85.2,84.9
41.35,85.3,84.9
41.37,85.3,84.9
41.38,85.3,84.9
41.40,85.3,84.9
41.42,85.3,84.9
41.43,85.3,84.9
41.45,85.3,84.9
41.47,85.3,85.0
41.48,85.3,84.9
41.50,85.3,85.0
41.52,85.3,84.9
41.53,85.3,85.0
41.55,85.3,84.9
41.57,85.3,85.0
41.58,85.3,84.9
41.60,85.3,85.0
41.62,85.3,84.9
41.63,85.4,85.0
41.65,85.3,85.0
41.67,85.4,85.0
41.68,85.3,85.0
41.70,85.3,85.0
41.72,85.4,85.0
41.73,85.4,85.0
41.75,85.4,85.0
41.77,85.4,85.0
41.78,85.4,85.0
41.80,85.4,85.0
41.82,85.4,85.0
41.83,85.4,85.0
41.85,85.4,85.0
41.87,85.4,85.0
41.88,85.4,85.0
41.90,85.4,85.0
41.92,85.4,85.0
41.93,85.4,85.0
41.95,85.4,85.0
41.97,85.4,85.0
41.98,85.4,85.0
42.00,85.4,85.0
42.02,85.4,85.0
42.03,85.4,85.0
42.05,85.4,85.0
42.07,85.4,85.0
42.08,85.4,85.0
42.10,85.5,85.0
42.12,85.4,85.0
42.13,85.4,85.0
42.15,85.5,85.0
42.17,85.5,85.0
42.18,85.5,85.0
42.20,85.5,85.0
42.22,85.5,85.0
42.23,85.5,85.0
42.25,85.5,85.0
42.27,85.5,85.0
42.28,85.5,85.0
42.30,85.5,85.0
42.32,85.5,85.0
42.33,85.5,85.0
42.35,85.5,85.0
42.37,85.5,85.0
42.38,85.6,85.0
42.40,85.6,85.0
42.42,85.6,85.0
42.43,85.6,85.1
42.45,85.6,85.1
42.47,85.6,85.0
42.48,85.6,85.0
42.50,85.6,85.1
42.52,85.6,85.1
42.53,85.6,85.1
42.55,85.6,85.1
42.57,85.6,85.1
42.58,85.6,85.1
42.60,85.6,85.1
42.62,85.6,85.1
42.63,85.6,85.1
42.65,85.6,85.1
42.67,85.6,85.1
42.68,85.7,85.1
42.70,85.7,85.1
42.72,85.7,85.1
42.73,85.7,85.1
42.75,85.7,85.1
42.77,85.7,85.1
42.78,85.7,85.1
42.80,85.7,85.1
42.82,85.7,85.1
42.83,85.7,85.1
42.85,85.7,85.1
42.87,85.7,85.1
42.88,85.7,85.1
42.90,85.7,85.1
42.92,85.7,85.1
42.93,85.7,85.1
42.95,85.7,85.1
42.97,85.7,85.2
42.98,85.7,85.1
43.00,85.8,85.1
43.02,85.8,85.1
43.03,85.8,85.2
43.05,85.8,85.2
43.07,85.8,85.2
43.08,85.8,85.2
43.10,85.8,85.2
43.12,85.8,85.2
43.13,85.8,85.2
43.15,85.8,85.2
43.17,85.8,85.2
43.18,85.8,85.2
43.20,85.8,85.2
43.22,85.8,85.2
43.23,85.9,85.2
43.25,85.9,85.2
43.27,85.9,85.2
43.28,85.9,85.2
43.30,85.9,85.2
43.32,85.9,85.2
43.33,85.9,85.2
43.35,85.9,85.2
43.37,85.9,85.2
43.38,85.9,85.2
43.40,85.9,85.2
43.42,85.9,85.2
43.43,85.9,85.2
43.45,85.9,85.2
43.47,85.9,85.3
43.48,85.9,85.2
43.50,85.9,85.3
43.52,85.9,85.2
43.53,85.9,85.2
43.55,85.9,85.2
43.57,85.9,85.3
43.58,85.9,85.3
43.60,85.9,85.3
43.62,85.9,85.3
43.63,85.9,85.3
43.65,85.9,85.3
43.67,86.0,85.3
43.68,86.0,85.3
43.70,86.0,85.3
43.72,86.0,85.3
43.73,86.0,85.3
43.75,86.0,85.3
43.77,86.0,85.3
43.78,86.0,85.3
43.80,86.1,85.4
43.82,86.1,85.3
43.83,86.1,85.3
43.85,86.1,85.4
43.87,86.1,85.4
43.88,86.1,85.4
43.90,86.1,85.4
43.92,86.1,85.4
43.93,86.1,85.4
43.95,86.2,85.4
43.97,86.2,85.4
43.98,86.2,85.4
44.00,86.2,85.4
44.02,86.2,85.4
44.03,86.2,85.4
44.05,86.2,85.4
44.07,86.2,85.4
44.08,86.2,85.4
44.10,86.2,85.4
44.12,86.2,85.4
44.13,86.2,85.4
44.15,86.2,85.4
44.17,86.2,85.4
44.18,86.2,85.4
44.20,86.2,85.4
44.22,86.2,85.5
44.23,86.3,85.4
44.25,86.2,85.5
44.27,86.3,85.4
44.28,86.3,85.5
44.30,86.3,85.5
44.32,86.3,85.5
44.33,86.3,85.5
44.35,86.3,85.5
44.37,86.3,85.5
44.38,86.3,85.5
44.40,86.3,85.5
44.42,86.3,85.5
44.43,86.3,85.5
44.45,86.3,85.5
44.47,86.3,85.5
44.48,86.3,85.5
44.50,86.3,85.5
44.52,86.3,85.5
44.53,86.3,85.5
44.55,86.4,85.6
44.57,86.4,85.5
44.58,86.4,85.6
44.60,86.4,85.6
44.62,86.4,85.6
44.63,86.4,85.6
44.65,86.4,85.6
44.67,86.4,85.6
44.68,86.4,85.6
44.70,86.4,85.6
44.72,86.4,85.6
44.73,86.4,85.6
44.75,86.4,85.6
44.77,86.4,85.6
44.78,86.5,85.7
44.80,86.5,85.6
44.82,86.5,85.7
44.83,86.5,85.7
44.85,86.5,85.6
44.87,86.5,85.7
44.88,86.5,85.7
44.90,86.5,85.7
44.92,86.5,85.7
44.93,86.5,85.7
44.95,86.5,85.7
44.97,86.6,85.7
44.98,86.6,85.7
45.00,86.6,85.7
45.02,86.6,85.7
45.03,86.6,85.7
45.05,86.6,85.7
45.07,86.6,85.7
45.08,86.6,85.7
45.10,86.6,85.7
45.12,86.6,85.7
45.13,86.6,85.7
45.15,86.6,85.8
45.17,86.6,85.7
45.18,86.6,85.8
45.20,86.6,85.8
45.22,86.6,85.8
45.23,86.6,85.8
45.25,86.6,85.8
45.27,86.6,85.8
45.28,86.6,85.8
45.30,86.7,85.8
45.32,86.7,85.8
45.33,86.7,85.8
45.35,86.7,85.9
45.37,86.7,85.8
45.38,86.7,85.9
45.40,86.8,85.9
45.42,86.7,85.9
45.43,86.7,85.9
45.45,86.7,85.9
45.47,86.8,85.9
45.48,86.8,85.9
45.50,86.8,85.9
45.52,86.8,85.9
45.53,86.8,85.9
45.55,86.8,85.9
45.57,86.8,85.9
45.58,86.8,85.9
45.60,86.8,86.0
45.62,86.8,86.0
45.63,86.8,86.0
45.65,86.9,86.0
45.67,86.8,86.0
45.68,86.9,86.0
45.70,86.9,86.0
45.72,86.9,86.0
45.73,86.9,86.0
45.75,86.9,86.0
45.77,86.9,86.0
45.78,86.9,86.0
45.80,86.9,86.0
45.82,86.9,86.0
45.83,86.9,86.0
45.85,86.9,86.0
45.87,86.9,86.0
45.88,86.9,86.1
45.90,86.9,86.0
45.92,86.9,86.1
45.93,86.9,86.1
45.95,86.9,86.1
45.97,86.9,86.1
45.98,87.0,86.1
46.00,87.0,86.1
46.02,87.0,86.2
46.03,87.0,86.1
46.05,87.0,86.2
46.07,87.0,86.2
46.08,87.0,86.2
46.10,87.0,86.2
46.12,87.0,86.2
46.13,87.0,86.2
46.15,87.1,86.2
46.17,87.1,86.2
46.18,87.1,86.2
46.20,87.1,86.2
46.22,87.1,86.2
46.23,87.1,86.3
46.25,87.1,86.2
46.27,87.1,86.2
46.28,87.1,86.3
46.30,87.1,86.3
46.32,87.1,86.3
46.33,87.1,86.3
46.35,87.1,86.3
46.37,87.1,86.3
46.38,87.2,86.3
46.40,87.2,86.3
46.42,87.2,86.3
46.43,87.2,86.3
46.45,87.2,86.4
46.47,87.2,86.3
46.48,87.2,86.3
46.50,87.2,86.4
46.52,87.2,86.4
46.53,87.2,86.4
46.55,87.2,86.4
46.57,87.2,86.4
46.58,87.2,86.4
46.60,87.2,86.4
46.62,87.2,86.4
46.63,87.2,86.4
46.65,87.2,86.4
46.67,87.2,86.4
46.68,87.2,86.4
46.70,87.2,86.4
46.72,87.2,86.4
46.73,87.2,86.5
46.75,87.2,86.5
46.77,87.3,86.5
46.78,87.3,86.5
46.80,87.3,86.5
46.82,87.3,86.5
46.83,87.3,86.5
46.85,87.3,86.5
46.87,87.3,86.5
46.88,87.3,86.5
46.90,87.3,86.6
46.92,87.4,86.5
46.93,87.4,86.6
46.95,87.4,86.5
46.97,87.4,86.6
46.98,87.4,86.6
47.00,87.4,86.6
47.02,87.4,86.6
47.03,87.4,86.6
47.05,87.5,86.6
47.07,87.5,86.6
47.08,87.5,86.7
47.10,87.5,86.7
47.12,87.5,86.7
47.13,87.5,86.7
47.15,87.5,86.7
47.17,87.5,86.7
47.18,87.5,86.7
47.20,87.5,86.7
47.22,87.5,86.7
47.23,87.5,86.7
47.25,87.5,86.7
47.27,87.5,86.7
47.28,87.5,86.7
47.30,87.5,86.7
47.32,87.6,86.7
47.33,87.6,86.7
47.35,87.6,86.8
47.37,87.6,86.8
47.38,87.6,86.8
47.40,87.6,86.8
47.42,87.6,86.8
47.43,87.6,86.8
47.45,87.6,86.9
47.47,87.6,86.8
47.48,87.6,86.9
47.50,87.6,86.9
47.52,87.6,86.9
47.53,87.6,86.9
47.55,87.6,86.9
47.57,87.7,86.9
47.58,87.6,86.9
47.60,87.6,86.9
47.62,87.6,86.9
47.63,87.7,86.9
47.65,87.7,86.9
47.67,87.7,86.9
47.68,87.7,86.9
47.70,87.7,87.0
47.72,87.7,86.9
47.73,87.7,87.0
47.75,87.7,87.0
47.77,87.7,87.0
47.78,87.7,87.0
47.80,87.8,86.9
47.82,87.8,87.0
47.83,87.7,87.0
47.85,87.8,87.0
47.87,87.8,87.0
47.88,87.8,87.0
47.90,87.8,87.0
47.92,87.8,87.0
47.93,87.8,87.0
47.95,87.8,87.0
47.97,87.8,87.0
47.98,87.8,87.0
48.00,87.8,87.0
48.02,87.8,87.0
48.03,87.8,87.0
48.05,87.8,87.0
48.07,87.8,87.0
48.08,87.8,87.0
48.10,87.8,87.1
48.12,87.8,87.1
48.13,87.8,87.1
48.15,87.8,87.1
48.17,87.8,87.1
48.18,87.8,87.1
48.20,87.8,87.1
48.22,87.8,87.1
48.23,87.8,87.2
48.25,87.8,87.2
48.27,87.8,87.2
48.28,87.8,87.2
48.30,87.8,87.2
48.32,87.8,87.2
48.33,87.8,87.2
48.35,87.8,87.2
48.37,87.8,87.2
48.38,87.8,87.2
48.40,87.8,87.2
48.42,87.8,87.2
48.43,87.8,87.2
48.45,87.8,87.2
48.47,87.8,87.2
48.48,87.8,87.3
48.50,87.8,87.3
48.52,87.8,87.3
48.53,87.8,87.3
48.55,87.8,87.3
48.57,87.8,87.3
48.58,87.9,87.3
48.60,87.8,87.3
48.62,87.9,87.3
48.63,87.9,87.3
48.65,87.9,87.3
48.67,87.9,87.3
48.68,87.9,87.3
48.70,87.9,87.3
48.72,87.9,87.3
48.73,87.9,87.3
48.75,87.9,87.3
48.77,87.9,87.3
48.78,87.9,87.3
48.80,87.9,87.3
48.82,87.9,87.4
48.83,87.9,87.3
48.85,87.9,87.4
48.87,87.9,87.4
48.88,87.9,87.4
48.90,87.9,87.4
48.92,87.9,87.4
48.93,87.9,87.4
48.95,87.9,87.4
48.97,87.9,87.4
48.98,87.9,87.5
49.00,87.9,87.5
49.02,87.9,87.5
49.03,87.9,87.5
49.05,87.9,87.5
49.07,87.9,87.5
49.08,87.9,87.5
49.10,87.9,87.5
49.12,87.9,87.5
49.13,87.9,87.5
49.15,87.9,87.5
49.17,87.9,87.5
49.18,87.9,87.6
49.20,87.9,87.6
49.22,87.9,87.6
49.23,87.9,87.6
49.25,87.9,87.6
49.27,87.9,87.6
49.28,87.9,87.6
49.30,87.9,87.6
49.32,88.0,87.6
49.33,88.0,87.6
49.35,87.9,87.6
49.37,87.9,87.6
49.38,87.9,87.6
49.40,87.9,87.6
49.42,87.9,87.6
49.43,87.9,87.6
49.45,87.9,87.6
49.47,87.9,87.6
49.48,87.9,87.6
49.50,87.9,87.6
49.52,87.9,87.5
49.53,87.9,87.6
49.55,87.9,87.5
49.57,87.9,87.5
49.58,87.9,87.6
49.60,87.9,87.6
49.62,87.9,87.6
49.63,87.9,87.6
49.65,87.9,87.6
49.67,87.9,87.6
49.68,88.0,87.6
49.70,88.0,87.6
49.72,88.0,87.6
49.73,88.0,87.6
49.75,88.0,87.6
49.77,88.0,87.6
49.78,88.0,87.6
49.80,88.0,87.6
49.82,88.0,87.6
49.83,88.0,87.7
49.85,88.0,87.7
49.87,88.0,87.7
49.88,88.0,87.7
49.90,88.0,87.7
49.92,88.0,87.7
49.93,88.0,87.7
49.95,88.0,87.7
49.97,88.0,87.7
49.98,88.0,87.7
50.00,88.1,87.7
50.02,88.1,87.7
50.03,88.1,87.8
50.05,88.1,87.8
50.07,88.1,87.7
50.08,88.1,87.8
50.10,88.1,87.8
50.12,88.1,87.8
50.13,88.1,87.8
50.15,88.1,87.8
50.17,88.1,87.8
50.18,88.1,87.8
50.20,88.1,87.8
50.22,88.0,87.8
50.23,88.1,87.8
50.25,88.0,87.8
50.27,88.1,87.8
50.28,88.1,87.8
50.30,88.1,87.8
50.32,88.1,87.8
50.33,88.1,87.8
50.35,88.1,87.8
50.37,88.1,87.8
50.38,88.0,87.8
50.40,88.1,87.8
50.42,88.1,87.8
50.43,88.1,87.8
50.45,88.1,87.8
50.47,88.1,87.9
50.48,88.1,87.8
50.50,88.1,87.9
50.52,88.1,87.9
50.53,88.2,87.9
50.55,88.2,87.9
50.57,88.2,87.9
50.58,88.2,87.9
50.60,88.2,87.9
50.62,88.1,87.9
50.63,88.2,87.9
50.65,88.1,87.9
50.67,88.2,87.9
50.68,88.2,87.9
50.70,88.1,87.9
50.72,88.1,87.9
50.73,88.1,87.9
50.75,88.1,87.9
50.77,88.1,87.9
50.78,88.1,87.9
50.80,88.1,87.9
50.82,88.1,87.9
50.83,88.1,87.9
50.85,88.1,87.9
50.87,88.2,87.9
50.88,88.2,87.9
50.90,88.2,87.9
50.92,88.2,87.9
50.93,88.2,87.9
50.95,88.1,87.9
50.97,88.2,87.9
50.98,88.2,87.9
51.00,88.2,87.9
51.02,88.2,87.9
51.03,88.2,87.9
51.05,88.1,87.9
51.07,88.2,87.9
51.08,88.2,87.9
51.10,88.2,87.9
51.12,88.2,87.9
51.13,88.2,87.9
51.15,88.2,87.9
51.17,88.2,87.9
51.18,88.2,87.9
51.20,88.2,87.9
51.22,88.2,87.9
51.23,88.2,87.9
51.25,88.2,87.9
51.27,88.2,87.9
51.28,88.2,87.9
51.30,88.2,87.9
51.32,88.2,87.9
51.33,88.2,87.9
51.35,88.2,87.9
51.37,88.2,88.0
51.38,88.2,88.0
51.40,88.2,88.0
51.42,88.2,88.0
51.43,88.2,88.0
51.45,88.2,87.9
51.47,88.1,87.9
51.48,88.2,87.9
51.50,88.2,87.9
51.52,88.2,87.9
51.53,88.2,87.9
51.55,88.2,88.0
51.57,88.2,88.0
51.58,88.2,87.9
51.60,88.2,88.0
51.62,88.2,88.0
51.63,88.2,87.9
51.65,88.2,87.9
51.67,88.2,87.9
51.68,88.2,87.9
51.70,88.2,87.9
51.72,88.2,87.9
51.73,88.2,87.9
51.75,88.2,87.9
51.77,88.2,87.9
51.78,88.2,87.9
51.80,88.2,87.9
51.82,88.2,87.9
51.83,88.2,87.9
51.85,88.2,87.9
51.87,88.2,87.9
51.88,88.2,87.9
51.90,88.2,87.9
51.92,88.2,87.9
51.93,88.2,87.9
51.95,88.2,87.9
51.97,88.2,87.9
51.98,88.2,87.9
52.00,88.2,87.9
52.02,88.2,87.9
52.03,88.2,87.9
52.05,88.2,87.9
52.07,88.2,87.9
52.08,88.2,87.9
52.10,88.2,87.9
52.12,88.2,87.9
52.13,88.2,88.0
52.15,88.2,87.9
52.17,88.2,88.0
52.18,88.2,88.0
52.20,88.2,87.9
52.22,88.2,88.0
52.23,88.3,88.0
52.25,88.2,87.9
52.27,88.2,87.9
52.28,88.3,87.9
52.30,88.2,87.9
52.32,88.2,87.9
52.33,88.2,87.9
52.35,88.2,87.9
52.37,88.2,87.9
52.38,88.2,88.0
52.40,88.2,87.9
52.42,88.2,87.9
52.43,88.2,88.0
52.45,88.3,87.9
52.47,88.3,88.0
52.48,88.3,88.0
52.50,88.2,87.9
52.52,88.3,88.0
52.53,88.3,88.0
52.55,88.3,88.0
52.57,88.3,88.0
52.58,88.3,88.0
52.60,88.3,88.0
52.62,88.3,88.0
52.63,88.3,88.0
52.65,88.3,88.0
52.67,88.3,88.0
52.68,88.3,88.0
52.70,88.3,88.0
52.72,88.3,88.0
52.73,88.3,88.0
52.75,88.3,88.0
52.77,88.3,88.0
52.78,88.3,88.0
52.80,88.3,88.0
52.82,88.3,87.9
52.83,88.3,87.9
52.85,88.3,88.0
52.87,88.3,88.0
52.88,88.3,88.0
52.90,88.3,88.0
52.92,88.3,88.0
52.93,88.3,88.0
52.95,88.3,88.0
52.97,88.4,88.0
52.98,88.4,88.0
53.00,88.3,88.0
53.02,88.4,88.0
53.03,88.4,88.0
53.05,88.4,88.0
53.07,88.4,88.0
53.08,88.4,88.0
53.10,88.4,88.0
53.12,88.4,88.0
53.13,88.4,88.1
53.15,88.4,88.0
53.17,88.4,88.1
53.18,88.4,88.0
53.20,88.4,88.0
53.22,88.4,88.0
53.23,88.4,88.0
53.25,88.5,88.0
53.27,88.5,88.0
53.28,88.4,88.0
53.30,88.5,88.0
53.32,88.4,88.0
53.33,88.4,88.0
53.35,88.4,88.0
53.37,88.4,88.0
53.38,88.4,88.0
53.40,88.4,88.0
53.42,88.4,88.0
53.43,88.5,88.0
53.45,88.4,88.0
53.47,88.4,88.0
53.48,88.4,88.0
53.50,88.4,88.0
53.52,88.4,88.0
53.53,88.4,88.0
53.55,88.4,88.0
53.57,88.4,88.0
53.58,88.4,88.0
53.60,88.5,88.0
53.62,88.4,88.0
53.63,88.5,88.0
53.65,88.4,88.0
53.67,88.4,88.0
53.68,88.4,88.0
53.70,88.4,88.0
53.72,88.4,88.0
53.73,88.4,88.0
53.75,88.4,88.0
53.77,88.4,88.0
53.78,88.4,88.0
53.80,88.4,88.0
53.82,88.4,88.0
53.83,88.4,88.0
53.85,88.4,88.0
53.87,88.4,88.0
53.88,88.4,88.0
53.90,88.4,88.0
53.92,88.4,88.0
53.93,88.4,88.0
53.95,88.4,88.0
53.97,88.4,88.0
53.98,88.4,88.0
54.00,88.4,88.0
54.02,88.4,88.0
54.03,88.3,87.9
54.05,88.4,88.0
54.07,88.4,88.0
54.08,88.4,88.0
54.10,88.4,88.0
54.12,88.4,88.0
54.13,88.4,87.9
54.15,88.4,88.0
54.17,88.4,88.0
54.18,88.4,87.9
54.20,88.4,88.0
54.22,88.4,87.9
54.23,88.4,87.9
54.25,88.4,87.9
54.27,88.4,87.9
54.28,88.4,88.0
54.30,88.4,87.9
54.32,88.4,87.9
54.33,88.4,87.9
54.35,88.4,87.9
54.37,88.4,87.9
54.38,88.4,87.9
54.40,88.4,87.9
54.42,88.4,87.9
54.43,88.4,87.9
54.45,88.4,87.9
54.47,88.3,87.9
54.48,88.4,87.9
54.50,88.4,87.9
54.52,88.4,87.9
54.53,88.4,87.9
54.55,88.4,87.9
54.57,88.3,87.9
54.58,88.3,87.9
54.60,88.3,87.9
54.62,88.4,87.9
54.63,88.3,87.9
54.65,88.3,87.9
54.67,88.4,88.0
54.68,88.4,87.9
54.70,88.3,87.9
54.72,88.3,87.9
54.73,88.3,87.9
54.75,88.3,87.9
54.77,88.3,87.9
54.78,88.3,87.9
54.80,88.3,87.9
54.82,88.3,87.9
54.83,88.3,87.9
54.85,88.4,87.9
54.87,88.4,87.9
54.88,88.3,87.9
54.90,88.3,87.9
54.92,88.3,87.9
54.93,88.3,87.9
54.95,88.3,87.9
54.97,88.3,87.9
54.98,88.3,87.9
55.00,88.3,87.9
55.02,88.3,87.9
55.03,88.3,87.9
55.05,88.3,87.9
55.07,88.3,87.9
55.08,88.3,87.9
55.10,88.3,87.9
55.12,88.3,87.9
55.13,88.3,87.9
55.15,88.3,87.9
55.17,88.3,87.9
55.18,88.3,87.9
55.20,88.3,87.9
55.22,88.3,87.9
55.23,88.3,87.9
55.25,88.3,87.8
55.27,88.3,87.8
55.28,88.3,87.8
55.30,88.3,87.8
55.32,88.3,87.8
55.33,88.3,87.8
55.35,88.3,87.8
55.37,88.3,87.8
55.38,88.3,87.8
55.40,88.3,87.8
55.42,88.3,87.8
55.43,88.3,87.8
55.45,88.3,87.8
55.47,88.3,87.8
55.48,88.3,87.8
55.50,88.3,87.8
55.52,88.3,87.8
55.53,88.3,87.8
55.55,88.3,87.9
55.57,88.3,87.8
55.58,88.3,87.8
55.60,88.3,87.8
55.62,88.3,87.8
55.63,88.3,87.8
55.65,88.3,87.8
55.67,88.2,87.8
55.68,88.2,87.8
55.70,88.2,87.8
55.72,88.2,87.8
55.73,88.2,87.8
55.75,88.2,87.8
55.77,88.3,87.8
55.78,88.2,87.8
55.80,88.2,87.8
55.82,88.2,87.8
55.83,88.2,87.8
55.85,88.2,87.8
55.87,88.2,87.8
55.88,88.2,87.8
55.90,88.2,87.8
55.92,88.2,87.8
55.93,88.2,87.8
55.95,88.2,87.8
55.97,88.2,87.8
55.98,88.2,87.8
56.00,88.2,87.8
56.02,88.2,87.8
56.03,88.2,87.7
56.05,88.2,87.7
56.07,88.2,87.7
56.08,88.2,87.7
56.10,88.2,87.7
56.12,88.2,87.8
56.13,88.3,87.8
56.15,88.3,87.8
56.17,88.3,87.8
56.18,88.3,87.8
56.20,88.3,87.8
56.22,88.3,87.8
56.23,88.3,87.8
56.25,88.3,87.8
56.27,88.4,87.8
56.28,88.4,87.8
56.30,88.4,87.8
56.32,88.4,87.7
56.33,88.4,87.7
56.35,88.3,87.7
56.37,88.3,87.7
56.38,88.4,87.7
56.40,88.3,87.7
56.42,88.4,87.7
56.43,88.4,87.7
56.45,88.4,87.7
56.47,88.4,87.7
56.48,88.4,87.7
56.50,88.4,87.7
56.52,88.4,87.7
56.53,88.5,87.6
56.55,88.4,87.7
56.57,88.4,87.7
56.58,88.4,87.6
56.60,88.4,87.6
56.62,88.4,87.6
56.63,88.4,87.7
56.65,88.4,87.6
56.67,88.4,87.6
56.68,88.4,87.7
56.70,88.4,87.7
56.72,88.4,87.7
56.73,88.4,87.7
56.75,88.4,87.7
56.77,88.4,87.7
56.78,88.4,87.6
56.80,88.4,87.7
56.82,88.4,87.6
56.83,88.4,87.6
56.85,88.4,87.7
56.87,88.4,87.6
56.88,88.4,87.6
56.90,88.4,87.7
56.92,88.3,87.4
56.93,87.4,86.7
56.95,86.8,86.0
56.97,86.2,85.4
56.98,85.7,85.0
57.00,85.1,84.1
57.02,84.6,83.6
57.03,84.1,83.2
57.05,83.7,82.7
57.07,83.2,82.4
57.08,82.9,82.0
57.10,82.5,81.6
57.12,82.2,81.4
57.13,81.9,81.1
57.15,81.6,80.7
57.17,81.3,80.6
57.18,81.0,80.4
57.20,80.9,80.2
57.22,80.8,80.0
57.23,80.8,79.9
57.25,80.7,79.8
57.27,80.7,79.8
57.28,80.6,79.7
57.30,80.5,79.6
57.32,80.5,79.5
57.33,80.4,79.4
57.35,80.4,79.4
57.37,80.4,79.3
57.38,80.2,79.2
57.40,80.1,79.2
57.42,80.0,79.2
57.43,79.9,79.2
57.45,79.7,79.1
57.47,79.4,79.0
57.48,79.2,79.0
57.50,79.2,78.9
57.52,79.1,78.9
57.53,79.0,78.9
57.55,79.0,78.7
57.57,78.9,78.7
57.58,78.8,78.5
57.60,78.6,78.5
57.62,78.5,78.5
57.63,78.3,78.5
57.65,78.1,78.3
57.67,78.0,78.3
57.68,78.0,78.3
57.70,78.0,78.2
57.72,77.9,78.2
57.73,77.8,78.3
57.75,77.7,78.3
57.77,77.7,78.1
57.78,77.7,78.0
57.80,77.7,77.8
57.82,77.7,77.6
57.83,77.7,77.5
57.85,77.7,77.5
57.87,77.6,77.6
57.88,77.6,77.5
57.90,77.7,77.6
57.92,77.7,77.5
57.93,77.7,77.5
57.95,77.7,77.4
57.97,77.6,77.3
57.98,77.6,77.2
58.00,77.6,77.2
58.02,77.6,77.1
58.03,77.5,77.1
58.05,77.5,77.2
58.07,77.5,77.1
58.08,77.5,77.1
58.10,77.5,77.0
58.12,77.4,77.0
58.13,77.4,77.1
58.15,77.3,77.0
58.17,77.2,77.1
58.18,77.2,77.1
58.20,77.2,77.1
58.22,77.1,77.0
58.23,77.0,77.1
58.25,77.0,77.1
58.27,76.9,77.1
58.28,76.9,77.0
58.30,76.9,77.0
58.32,76.8,77.0
58.33,76.8,77.0
58.35,76.8,76.9
58.37,76.8,76.9
58.38,76.7,76.9
58.40,76.7,76.9
58.42,76.6,76.8
58.43,76.6,76.8
58.45,76.5,76.7
58.47,76.5,76.7
58.48,76.5,76.6
58.50,76.3,76.6
58.52,76.3,76.6
58.53,76.2,76.6
58.55,76.2,76.6
58.57,76.2,76.6
58.58,76.2,76.5
58.60,76.2,76.6
58.62,76.1,76.5
58.63,76.1,76.6
58.65,76.1,76.6
58.67,76.1,76.6
58.68,76.1,76.5
58.70,76.0,76.5
58.72,76.0,76.5
58.73,75.9,76.5
58.75,75.9,76.5
58.77,75.8,76.5
58.78,75.7,76.4
58.80,75.7,76.3
58.82,75.7,76.3
58.83,75.7,76.3
58.85,75.7,76.3
58.87,75.7,76.3
58.88,75.7,76.2
58.90,75.6,76.2
58.92,75.6,76.1
58.93,75.6,76.2
58.95,75.6,76.2
58.97,75.5,76.2
58.98,75.5,76.2
59.00,75.4,76.2
59.02,75.4,76.1
59.03,75.4,76.0
59.05,75.4,76.0
59.07,75.4,76.0
59.08,75.4,76.0
59.10,75.5,76.0
59.12,75.5,75.9
59.13,75.5,75.9
59.15,75.5,75.9
59.17,75.4,75.9
59.18,75.4,75.9
59.20,75.4,75.8
59.22,75.3,75.8
59.23,75.3,75.8
59.25,75.2,75.7
59.27,75.2,75.7
59.28,75.2,75.7
59.30,75.2,75.7
59.32,75.1,75.6
59.33,75.1,75.7
59.35,75.1,75.7
59.37,75.0,75.7
59.38,75.1,75.7
59.40,75.0,75.6
59.42,75.0,75.6
59.43,75.0,75.6
59.45,75.0,75.6
59.47,75.0,75.6
59.48,75.0,75.6
59.50,75.0,75.5
59.52,74.9,75.5
59.53,74.7,75.4
59.55,74.6,75.3
59.57,74.6,75.2
59.58,74.5,75.2
59.60,74.5,75.1
59.62,74.4,75.1
59.63,74.4,75.1
59.65,74.4,75.1
59.67,74.3,75.1
59.68,74.3,75.1
59.70,74.3,75.1
59.72,74.3,75.1
59.73,74.3,75.1
59.75,74.3,75.1
59.77,74.2,75.0
59.78,74.3,75.0
59.80,74.3,75.0
59.82,74.3,75.0
59.83,74.3,75.0
59.85,74.3,75.0
59.87,74.3,75.0
59.88,74.3,75.0
59.90,74.3,75.0
59.92,74.4,75.0
59.93,74.4,75.1
59.95,74.4,75.0
59.97,74.5,75.0
59.98,74.4,74.9
60.00,74.5,75.0
60.02,74.5,75.0
60.03,74.5,75.0
60.05,74.5,75.0
60.07,74.4,74.9
60.08,74.4,74.9
60.10,74.3,74.9
60.12,74.2,74.9
60.13,74.2,74.8
60.15,74.2,74.8
60.17,74.2,74.8
60.18,74.1,74.8
60.20,74.1,74.8
60.22,74.1,74.8
60.23,74.1,74.8
60.25,74.1,74.8
60.27,74.2,74.8
60.28,74.2,74.8
60.30,74.2,74.8
60.32,74.2,74.8
60.33,74.3,74.8
60.35,74.3,74.8
60.37,74.3,74.8
60.38,74.3,74.8
60.40,74.2,74.8
60.42,74.2,74.8
60.43,74.2,74.8
60.45,74.2,74.8
60.47,74.2,74.7
60.48,74.2,74.8
60.50,74.2,74.8
60.52,74.2,74.8
60.53,74.2,74.8
60.55,74.2,74.8
60.57,74.1,74.8
60.58,74.1,74.8
60.60,74.0,74.8
60.62,74.0,74.7
60.63,74.0,74.8
60.65,74.0,74.8
60.67,74.0,74.8
60.68,74.0,74.8
60.70,74.0,74.8
60.72,74.0,74.8
60.73,74.0,74.8
60.75,74.0,74.7
60.77,73.9,74.6
60.78,73.9,74.6
60.80,73.9,74.5
60.82,73.9,74.5
60.83,73.8,74.5
60.85,73.8,74.5
60.87,73.8,74.5
60.88,73.8,74.5
60.90,73.8,74.5
60.92,73.8,74.5
60.93,73.8,74.5
60.95,73.9,74.5
60.97,73.9,74.5
60.98,73.9,74.5
61.00,73.9,74.5
61.02,73.9,74.4
61.03,73.9,74.4
61.05,73.9,74.4
61.07,73.9,74.4
61.08,73.9,74.3
61.10,73.9,74.3
61.12,73.9,74.3
61.13,73.9,74.3
61.15,73.8,74.2
61.17,73.8,74.2
61.18,73.8,74.2
61.20,73.8,74.2
61.22,73.8,74.2
61.23,73.7,74.2
61.25,73.7,74.1
61.27,73.6,74.1
61.28,73.5,74.0
61.30,73.5,74.0
61.32,73.5,74.0
61.33,73.5,74.0
61.35,73.5,74.0
61.37,73.5,74.0
61.38,73.5,73.9
61.40,73.5,74.0
61.42,73.4,74.0
61.43,73.4,74.0
61.45,73.3,74.0
61.47,73.3,73.9
61.48,73.3,73.9
61.50,73.3,73.9
61.52,73.3,73.9
61.53,73.4,73.9
61.55,73.5,73.9
61.57,73.5,73.9
61.58,73.5,73.8
61.60,73.5,73.9
61.62,73.4,73.9
61.63,73.4,73.9
61.65,73.5,73.8
61.67,73.5,73.9
61.68,73.5,73.9
61.70,73.4,73.9
61.72,73.5,73.9
61.73,73.5,73.9
61.75,73.3,73.9
61.77,73.3,73.9
61.78,73.3,73.9
61.80,73.3,73.9
61.82,73.2,73.9
61.83,73.2,73.9
61.85,73.2,73.9
61.87,73.2,73.9
61.88,73.2,73.9
61.90,73.2,73.9
61.92,73.2,73.8
61.93,73.2,73.8
61.95,73.2,73.7
61.97,73.2,73.7
61.98,73.1,73.7
62.00,73.2,73.7
62.02,73.1,73.7